"product_id","product_name","store_id","store_name","alt_store_id","alt_store_name"
2,Animal Figures,10,Maven Toys Campeche 1,"{31,46,17}","{Maven Toys Ciudad de Mexico 2,Maven Toys Guadalajara 4,Maven Toys Toluca 1}"
4,Chutes & Ladders,49,Maven Toys Culiacan 1,"{7,22,4}","{Maven Toys Monterrey 2,Maven Toys Guanajuato 2,Maven Toys Saltillo 1}"
4,Chutes & Ladders,47,Maven Toys Monterrey 4,"{7,22,4}","{Maven Toys Monterrey 2,Maven Toys Guanajuato 2,Maven Toys Saltillo 1}"
4,Chutes & Ladders,41,Maven Toys Hermosillo 2,"{7,22,4}","{Maven Toys Monterrey 2,Maven Toys Guanajuato 2,Maven Toys Saltillo 1}"
4,Chutes & Ladders,40,Maven Toys Toluca 2,"{7,22,4}","{Maven Toys Monterrey 2,Maven Toys Guanajuato 2,Maven Toys Saltillo 1}"
4,Chutes & Ladders,38,Maven Toys Chihuahua 2,"{7,22,4}","{Maven Toys Monterrey 2,Maven Toys Guanajuato 2,Maven Toys Saltillo 1}"
4,Chutes & Ladders,37,Maven Toys Ciudad de Mexico 3,"{7,22,4}","{Maven Toys Monterrey 2,Maven Toys Guanajuato 2,Maven Toys Saltillo 1}"
4,Chutes & Ladders,34,Maven Toys Villahermosa 1,"{7,22,4}","{Maven Toys Monterrey 2,Maven Toys Guanajuato 2,Maven Toys Saltillo 1}"
4,Chutes & Ladders,26,Maven Toys Campeche 2,"{7,22,4}","{Maven Toys Monterrey 2,Maven Toys Guanajuato 2,Maven Toys Saltillo 1}"
4,Chutes & Ladders,24,Maven Toys Aguascalientes 1,"{7,22,4}","{Maven Toys Monterrey 2,Maven Toys Guanajuato 2,Maven Toys Saltillo 1}"
4,Chutes & Ladders,23,Maven Toys Chihuahua 1,"{7,22,4}","{Maven Toys Monterrey 2,Maven Toys Guanajuato 2,Maven Toys Saltillo 1}"
4,Chutes & Ladders,19,Maven Toys Puebla 1,"{7,22,4}","{Maven Toys Monterrey 2,Maven Toys Guanajuato 2,Maven Toys Saltillo 1}"
4,Chutes & Ladders,16,Maven Toys San Luis Potosi 1,"{7,22,4}","{Maven Toys Monterrey 2,Maven Toys Guanajuato 2,Maven Toys Saltillo 1}"
4,Chutes & Ladders,10,Maven Toys Campeche 1,"{7,22,4}","{Maven Toys Monterrey 2,Maven Toys Guanajuato 2,Maven Toys Saltillo 1}"
4,Chutes & Ladders,9,Maven Toys Ciudad de Mexico 1,"{7,22,4}","{Maven Toys Monterrey 2,Maven Toys Guanajuato 2,Maven Toys Saltillo 1}"
4,Chutes & Ladders,8,Maven Toys Pachuca 1,"{7,22,4}","{Maven Toys Monterrey 2,Maven Toys Guanajuato 2,Maven Toys Saltillo 1}"
4,Chutes & Ladders,1,Maven Toys Guadalajara 1,"{7,22,4}","{Maven Toys Monterrey 2,Maven Toys Guanajuato 2,Maven Toys Saltillo 1}"
5,Classic Dominoes,50,Maven Toys Guanajuato 3,"{9,48,4}","{Maven Toys Ciudad de Mexico 1,Maven Toys Saltillo 2,Maven Toys Saltillo 1}"
5,Classic Dominoes,49,Maven Toys Culiacan 1,"{9,48,4}","{Maven Toys Ciudad de Mexico 1,Maven Toys Saltillo 2,Maven Toys Saltillo 1}"
5,Classic Dominoes,44,Maven Toys Puebla 3,"{9,48,4}","{Maven Toys Ciudad de Mexico 1,Maven Toys Saltillo 2,Maven Toys Saltillo 1}"
5,Classic Dominoes,42,Maven Toys Hermosillo 3,"{9,48,4}","{Maven Toys Ciudad de Mexico 1,Maven Toys Saltillo 2,Maven Toys Saltillo 1}"
5,Classic Dominoes,41,Maven Toys Hermosillo 2,"{9,48,4}","{Maven Toys Ciudad de Mexico 1,Maven Toys Saltillo 2,Maven Toys Saltillo 1}"
5,Classic Dominoes,40,Maven Toys Toluca 2,"{9,48,4}","{Maven Toys Ciudad de Mexico 1,Maven Toys Saltillo 2,Maven Toys Saltillo 1}"
5,Classic Dominoes,37,Maven Toys Ciudad de Mexico 3,"{9,48,4}","{Maven Toys Ciudad de Mexico 1,Maven Toys Saltillo 2,Maven Toys Saltillo 1}"
5,Classic Dominoes,34,Maven Toys Villahermosa 1,"{9,48,4}","{Maven Toys Ciudad de Mexico 1,Maven Toys Saltillo 2,Maven Toys Saltillo 1}"
5,Classic Dominoes,26,Maven Toys Campeche 2,"{9,48,4}","{Maven Toys Ciudad de Mexico 1,Maven Toys Saltillo 2,Maven Toys Saltillo 1}"
5,Classic Dominoes,24,Maven Toys Aguascalientes 1,"{9,48,4}","{Maven Toys Ciudad de Mexico 1,Maven Toys Saltillo 2,Maven Toys Saltillo 1}"
5,Classic Dominoes,23,Maven Toys Chihuahua 1,"{9,48,4}","{Maven Toys Ciudad de Mexico 1,Maven Toys Saltillo 2,Maven Toys Saltillo 1}"
5,Classic Dominoes,22,Maven Toys Guanajuato 2,"{9,48,4}","{Maven Toys Ciudad de Mexico 1,Maven Toys Saltillo 2,Maven Toys Saltillo 1}"
5,Classic Dominoes,19,Maven Toys Puebla 1,"{9,48,4}","{Maven Toys Ciudad de Mexico 1,Maven Toys Saltillo 2,Maven Toys Saltillo 1}"
5,Classic Dominoes,16,Maven Toys San Luis Potosi 1,"{9,48,4}","{Maven Toys Ciudad de Mexico 1,Maven Toys Saltillo 2,Maven Toys Saltillo 1}"
5,Classic Dominoes,10,Maven Toys Campeche 1,"{9,48,4}","{Maven Toys Ciudad de Mexico 1,Maven Toys Saltillo 2,Maven Toys Saltillo 1}"
5,Classic Dominoes,6,Maven Toys Mexicali 1,"{9,48,4}","{Maven Toys Ciudad de Mexico 1,Maven Toys Saltillo 2,Maven Toys Saltillo 1}"
5,Classic Dominoes,1,Maven Toys Guadalajara 1,"{9,48,4}","{Maven Toys Ciudad de Mexico 1,Maven Toys Saltillo 2,Maven Toys Saltillo 1}"
7,Dart Gun,28,Maven Toys Puebla 2,"{45,30,41}","{Maven Toys Ciudad de Mexico 4,Maven Toys Guadalajara 3,Maven Toys Hermosillo 2}"
7,Dart Gun,13,Maven Toys Mexicali 2,"{45,30,41}","{Maven Toys Ciudad de Mexico 4,Maven Toys Guadalajara 3,Maven Toys Hermosillo 2}"
8,Deck Of Cards,20,Maven Toys Zacatecas 1,"{31,19,6}","{Maven Toys Ciudad de Mexico 2,Maven Toys Puebla 1,Maven Toys Mexicali 1}"
10,Dinosaur Figures,43,Maven Toys Durango 1,"{30,7,44}","{Maven Toys Guadalajara 3,Maven Toys Monterrey 2,Maven Toys Puebla 3}"
10,Dinosaur Figures,42,Maven Toys Hermosillo 3,"{30,7,44}","{Maven Toys Guadalajara 3,Maven Toys Monterrey 2,Maven Toys Puebla 3}"
10,Dinosaur Figures,31,Maven Toys Ciudad de Mexico 2,"{30,7,44}","{Maven Toys Guadalajara 3,Maven Toys Monterrey 2,Maven Toys Puebla 3}"
10,Dinosaur Figures,27,Maven Toys Oaxaca 1,"{30,7,44}","{Maven Toys Guadalajara 3,Maven Toys Monterrey 2,Maven Toys Puebla 3}"
10,Dinosaur Figures,26,Maven Toys Campeche 2,"{30,7,44}","{Maven Toys Guadalajara 3,Maven Toys Monterrey 2,Maven Toys Puebla 3}"
10,Dinosaur Figures,18,Maven Toys Merida 1,"{30,7,44}","{Maven Toys Guadalajara 3,Maven Toys Monterrey 2,Maven Toys Puebla 3}"
10,Dinosaur Figures,17,Maven Toys Toluca 1,"{30,7,44}","{Maven Toys Guadalajara 3,Maven Toys Monterrey 2,Maven Toys Puebla 3}"
10,Dinosaur Figures,16,Maven Toys San Luis Potosi 1,"{30,7,44}","{Maven Toys Guadalajara 3,Maven Toys Monterrey 2,Maven Toys Puebla 3}"
10,Dinosaur Figures,11,Maven Toys Cuernavaca 1,"{30,7,44}","{Maven Toys Guadalajara 3,Maven Toys Monterrey 2,Maven Toys Puebla 3}"
10,Dinosaur Figures,8,Maven Toys Pachuca 1,"{30,7,44}","{Maven Toys Guadalajara 3,Maven Toys Monterrey 2,Maven Toys Puebla 3}"
10,Dinosaur Figures,2,Maven Toys Monterrey 1,"{30,7,44}","{Maven Toys Guadalajara 3,Maven Toys Monterrey 2,Maven Toys Puebla 3}"
11,Etch A Sketch,48,Maven Toys Saltillo 2,"{31,17,21}","{Maven Toys Ciudad de Mexico 2,Maven Toys Toluca 1,Maven Toys Santiago 1}"
11,Etch A Sketch,45,Maven Toys Ciudad de Mexico 4,"{31,17,21}","{Maven Toys Ciudad de Mexico 2,Maven Toys Toluca 1,Maven Toys Santiago 1}"
11,Etch A Sketch,44,Maven Toys Puebla 3,"{31,17,21}","{Maven Toys Ciudad de Mexico 2,Maven Toys Toluca 1,Maven Toys Santiago 1}"
11,Etch A Sketch,35,Maven Toys Chilpancingo 1,"{31,17,21}","{Maven Toys Ciudad de Mexico 2,Maven Toys Toluca 1,Maven Toys Santiago 1}"
11,Etch A Sketch,29,Maven Toys Xalapa 1,"{31,17,21}","{Maven Toys Ciudad de Mexico 2,Maven Toys Toluca 1,Maven Toys Santiago 1}"
11,Etch A Sketch,27,Maven Toys Oaxaca 1,"{31,17,21}","{Maven Toys Ciudad de Mexico 2,Maven Toys Toluca 1,Maven Toys Santiago 1}"
11,Etch A Sketch,15,Maven Toys Tuxtla Gutierrez 1,"{31,17,21}","{Maven Toys Ciudad de Mexico 2,Maven Toys Toluca 1,Maven Toys Santiago 1}"
11,Etch A Sketch,5,Maven Toys La Paz 1,"{31,17,21}","{Maven Toys Ciudad de Mexico 2,Maven Toys Toluca 1,Maven Toys Santiago 1}"
12,Foam Disk Launcher,45,Maven Toys Ciudad de Mexico 4,"{31,30,17}","{Maven Toys Ciudad de Mexico 2,Maven Toys Guadalajara 3,Maven Toys Toluca 1}"
12,Foam Disk Launcher,41,Maven Toys Hermosillo 2,"{31,30,17}","{Maven Toys Ciudad de Mexico 2,Maven Toys Guadalajara 3,Maven Toys Toluca 1}"
12,Foam Disk Launcher,39,Maven Toys Xalapa 2,"{31,30,17}","{Maven Toys Ciudad de Mexico 2,Maven Toys Guadalajara 3,Maven Toys Toluca 1}"
12,Foam Disk Launcher,32,Maven Toys Hermosillo 1,"{31,30,17}","{Maven Toys Ciudad de Mexico 2,Maven Toys Guadalajara 3,Maven Toys Toluca 1}"
12,Foam Disk Launcher,30,Maven Toys Guadalajara 3,"{31,30,17}","{Maven Toys Ciudad de Mexico 2,Maven Toys Guadalajara 3,Maven Toys Toluca 1}"
12,Foam Disk Launcher,29,Maven Toys Xalapa 1,"{31,30,17}","{Maven Toys Ciudad de Mexico 2,Maven Toys Guadalajara 3,Maven Toys Toluca 1}"
12,Foam Disk Launcher,28,Maven Toys Puebla 2,"{31,30,17}","{Maven Toys Ciudad de Mexico 2,Maven Toys Guadalajara 3,Maven Toys Toluca 1}"
12,Foam Disk Launcher,26,Maven Toys Campeche 2,"{31,30,17}","{Maven Toys Ciudad de Mexico 2,Maven Toys Guadalajara 3,Maven Toys Toluca 1}"
12,Foam Disk Launcher,25,Maven Toys Ciudad Victoria 1,"{31,30,17}","{Maven Toys Ciudad de Mexico 2,Maven Toys Guadalajara 3,Maven Toys Toluca 1}"
12,Foam Disk Launcher,24,Maven Toys Aguascalientes 1,"{31,30,17}","{Maven Toys Ciudad de Mexico 2,Maven Toys Guadalajara 3,Maven Toys Toluca 1}"
12,Foam Disk Launcher,22,Maven Toys Guanajuato 2,"{31,30,17}","{Maven Toys Ciudad de Mexico 2,Maven Toys Guadalajara 3,Maven Toys Toluca 1}"
12,Foam Disk Launcher,21,Maven Toys Santiago 1,"{31,30,17}","{Maven Toys Ciudad de Mexico 2,Maven Toys Guadalajara 3,Maven Toys Toluca 1}"
12,Foam Disk Launcher,20,Maven Toys Zacatecas 1,"{31,30,17}","{Maven Toys Ciudad de Mexico 2,Maven Toys Guadalajara 3,Maven Toys Toluca 1}"
12,Foam Disk Launcher,18,Maven Toys Merida 1,"{31,30,17}","{Maven Toys Ciudad de Mexico 2,Maven Toys Guadalajara 3,Maven Toys Toluca 1}"
12,Foam Disk Launcher,14,Maven Toys Guanajuato 1,"{31,30,17}","{Maven Toys Ciudad de Mexico 2,Maven Toys Guadalajara 3,Maven Toys Toluca 1}"
12,Foam Disk Launcher,13,Maven Toys Mexicali 2,"{31,30,17}","{Maven Toys Ciudad de Mexico 2,Maven Toys Guadalajara 3,Maven Toys Toluca 1}"
12,Foam Disk Launcher,11,Maven Toys Cuernavaca 1,"{31,30,17}","{Maven Toys Ciudad de Mexico 2,Maven Toys Guadalajara 3,Maven Toys Toluca 1}"
12,Foam Disk Launcher,9,Maven Toys Ciudad de Mexico 1,"{31,30,17}","{Maven Toys Ciudad de Mexico 2,Maven Toys Guadalajara 3,Maven Toys Toluca 1}"
12,Foam Disk Launcher,6,Maven Toys Mexicali 1,"{31,30,17}","{Maven Toys Ciudad de Mexico 2,Maven Toys Guadalajara 3,Maven Toys Toluca 1}"
12,Foam Disk Launcher,5,Maven Toys La Paz 1,"{31,30,17}","{Maven Toys Ciudad de Mexico 2,Maven Toys Guadalajara 3,Maven Toys Toluca 1}"
12,Foam Disk Launcher,3,Maven Toys Guadalajara 2,"{31,30,17}","{Maven Toys Ciudad de Mexico 2,Maven Toys Guadalajara 3,Maven Toys Toluca 1}"
12,Foam Disk Launcher,2,Maven Toys Monterrey 1,"{31,30,17}","{Maven Toys Ciudad de Mexico 2,Maven Toys Guadalajara 3,Maven Toys Toluca 1}"
12,Foam Disk Launcher,1,Maven Toys Guadalajara 1,"{31,30,17}","{Maven Toys Ciudad de Mexico 2,Maven Toys Guadalajara 3,Maven Toys Toluca 1}"
13,Gamer Headphones,45,Maven Toys Ciudad de Mexico 4,"{6,31,41}","{Maven Toys Mexicali 1,Maven Toys Ciudad de Mexico 2,Maven Toys Hermosillo 2}"
13,Gamer Headphones,39,Maven Toys Xalapa 2,"{6,31,41}","{Maven Toys Mexicali 1,Maven Toys Ciudad de Mexico 2,Maven Toys Hermosillo 2}"
13,Gamer Headphones,28,Maven Toys Puebla 2,"{6,31,41}","{Maven Toys Mexicali 1,Maven Toys Ciudad de Mexico 2,Maven Toys Hermosillo 2}"
13,Gamer Headphones,27,Maven Toys Oaxaca 1,"{6,31,41}","{Maven Toys Mexicali 1,Maven Toys Ciudad de Mexico 2,Maven Toys Hermosillo 2}"
13,Gamer Headphones,20,Maven Toys Zacatecas 1,"{6,31,41}","{Maven Toys Mexicali 1,Maven Toys Ciudad de Mexico 2,Maven Toys Hermosillo 2}"
13,Gamer Headphones,11,Maven Toys Cuernavaca 1,"{6,31,41}","{Maven Toys Mexicali 1,Maven Toys Ciudad de Mexico 2,Maven Toys Hermosillo 2}"
14,Glass Marbles,41,Maven Toys Hermosillo 2,"{36,33,31}","{Maven Toys Morelia 1,Maven Toys Monterrey 3,Maven Toys Ciudad de Mexico 2}"
15,Hot Wheels 5-Pack,44,Maven Toys Puebla 3,"{7,45,30}","{Maven Toys Monterrey 2,Maven Toys Ciudad de Mexico 4,Maven Toys Guadalajara 3}"
15,Hot Wheels 5-Pack,39,Maven Toys Xalapa 2,"{7,45,30}","{Maven Toys Monterrey 2,Maven Toys Ciudad de Mexico 4,Maven Toys Guadalajara 3}"
15,Hot Wheels 5-Pack,21,Maven Toys Santiago 1,"{7,45,30}","{Maven Toys Monterrey 2,Maven Toys Ciudad de Mexico 4,Maven Toys Guadalajara 3}"
15,Hot Wheels 5-Pack,17,Maven Toys Toluca 1,"{7,45,30}","{Maven Toys Monterrey 2,Maven Toys Ciudad de Mexico 4,Maven Toys Guadalajara 3}"
15,Hot Wheels 5-Pack,14,Maven Toys Guanajuato 1,"{7,45,30}","{Maven Toys Monterrey 2,Maven Toys Ciudad de Mexico 4,Maven Toys Guadalajara 3}"
16,Jenga,47,Maven Toys Monterrey 4,"{17,9,39}","{Maven Toys Toluca 1,Maven Toys Ciudad de Mexico 1,Maven Toys Xalapa 2}"
16,Jenga,46,Maven Toys Guadalajara 4,"{17,9,39}","{Maven Toys Toluca 1,Maven Toys Ciudad de Mexico 1,Maven Toys Xalapa 2}"
16,Jenga,45,Maven Toys Ciudad de Mexico 4,"{17,9,39}","{Maven Toys Toluca 1,Maven Toys Ciudad de Mexico 1,Maven Toys Xalapa 2}"
16,Jenga,44,Maven Toys Puebla 3,"{17,9,39}","{Maven Toys Toluca 1,Maven Toys Ciudad de Mexico 1,Maven Toys Xalapa 2}"
16,Jenga,43,Maven Toys Durango 1,"{17,9,39}","{Maven Toys Toluca 1,Maven Toys Ciudad de Mexico 1,Maven Toys Xalapa 2}"
16,Jenga,35,Maven Toys Chilpancingo 1,"{17,9,39}","{Maven Toys Toluca 1,Maven Toys Ciudad de Mexico 1,Maven Toys Xalapa 2}"
16,Jenga,32,Maven Toys Hermosillo 1,"{17,9,39}","{Maven Toys Toluca 1,Maven Toys Ciudad de Mexico 1,Maven Toys Xalapa 2}"
16,Jenga,31,Maven Toys Ciudad de Mexico 2,"{17,9,39}","{Maven Toys Toluca 1,Maven Toys Ciudad de Mexico 1,Maven Toys Xalapa 2}"
16,Jenga,30,Maven Toys Guadalajara 3,"{17,9,39}","{Maven Toys Toluca 1,Maven Toys Ciudad de Mexico 1,Maven Toys Xalapa 2}"
16,Jenga,29,Maven Toys Xalapa 1,"{17,9,39}","{Maven Toys Toluca 1,Maven Toys Ciudad de Mexico 1,Maven Toys Xalapa 2}"
16,Jenga,28,Maven Toys Puebla 2,"{17,9,39}","{Maven Toys Toluca 1,Maven Toys Ciudad de Mexico 1,Maven Toys Xalapa 2}"
16,Jenga,27,Maven Toys Oaxaca 1,"{17,9,39}","{Maven Toys Toluca 1,Maven Toys Ciudad de Mexico 1,Maven Toys Xalapa 2}"
16,Jenga,25,Maven Toys Ciudad Victoria 1,"{17,9,39}","{Maven Toys Toluca 1,Maven Toys Ciudad de Mexico 1,Maven Toys Xalapa 2}"
16,Jenga,21,Maven Toys Santiago 1,"{17,9,39}","{Maven Toys Toluca 1,Maven Toys Ciudad de Mexico 1,Maven Toys Xalapa 2}"
16,Jenga,20,Maven Toys Zacatecas 1,"{17,9,39}","{Maven Toys Toluca 1,Maven Toys Ciudad de Mexico 1,Maven Toys Xalapa 2}"
16,Jenga,15,Maven Toys Tuxtla Gutierrez 1,"{17,9,39}","{Maven Toys Toluca 1,Maven Toys Ciudad de Mexico 1,Maven Toys Xalapa 2}"
16,Jenga,14,Maven Toys Guanajuato 1,"{17,9,39}","{Maven Toys Toluca 1,Maven Toys Ciudad de Mexico 1,Maven Toys Xalapa 2}"
16,Jenga,13,Maven Toys Mexicali 2,"{17,9,39}","{Maven Toys Toluca 1,Maven Toys Ciudad de Mexico 1,Maven Toys Xalapa 2}"
16,Jenga,11,Maven Toys Cuernavaca 1,"{17,9,39}","{Maven Toys Toluca 1,Maven Toys Ciudad de Mexico 1,Maven Toys Xalapa 2}"
16,Jenga,8,Maven Toys Pachuca 1,"{17,9,39}","{Maven Toys Toluca 1,Maven Toys Ciudad de Mexico 1,Maven Toys Xalapa 2}"
16,Jenga,7,Maven Toys Monterrey 2,"{17,9,39}","{Maven Toys Toluca 1,Maven Toys Ciudad de Mexico 1,Maven Toys Xalapa 2}"
16,Jenga,5,Maven Toys La Paz 1,"{17,9,39}","{Maven Toys Toluca 1,Maven Toys Ciudad de Mexico 1,Maven Toys Xalapa 2}"
16,Jenga,3,Maven Toys Guadalajara 2,"{17,9,39}","{Maven Toys Toluca 1,Maven Toys Ciudad de Mexico 1,Maven Toys Xalapa 2}"
16,Jenga,2,Maven Toys Monterrey 1,"{17,9,39}","{Maven Toys Toluca 1,Maven Toys Ciudad de Mexico 1,Maven Toys Xalapa 2}"
17,Kids Makeup Kit,46,Maven Toys Guadalajara 4,"{37,31,41}","{Maven Toys Ciudad de Mexico 3,Maven Toys Ciudad de Mexico 2,Maven Toys Hermosillo 2}"
17,Kids Makeup Kit,35,Maven Toys Chilpancingo 1,"{37,31,41}","{Maven Toys Ciudad de Mexico 3,Maven Toys Ciudad de Mexico 2,Maven Toys Hermosillo 2}"
17,Kids Makeup Kit,32,Maven Toys Hermosillo 1,"{37,31,41}","{Maven Toys Ciudad de Mexico 3,Maven Toys Ciudad de Mexico 2,Maven Toys Hermosillo 2}"
17,Kids Makeup Kit,29,Maven Toys Xalapa 1,"{37,31,41}","{Maven Toys Ciudad de Mexico 3,Maven Toys Ciudad de Mexico 2,Maven Toys Hermosillo 2}"
17,Kids Makeup Kit,27,Maven Toys Oaxaca 1,"{37,31,41}","{Maven Toys Ciudad de Mexico 3,Maven Toys Ciudad de Mexico 2,Maven Toys Hermosillo 2}"
17,Kids Makeup Kit,25,Maven Toys Ciudad Victoria 1,"{37,31,41}","{Maven Toys Ciudad de Mexico 3,Maven Toys Ciudad de Mexico 2,Maven Toys Hermosillo 2}"
17,Kids Makeup Kit,22,Maven Toys Guanajuato 2,"{37,31,41}","{Maven Toys Ciudad de Mexico 3,Maven Toys Ciudad de Mexico 2,Maven Toys Hermosillo 2}"
17,Kids Makeup Kit,21,Maven Toys Santiago 1,"{37,31,41}","{Maven Toys Ciudad de Mexico 3,Maven Toys Ciudad de Mexico 2,Maven Toys Hermosillo 2}"
17,Kids Makeup Kit,14,Maven Toys Guanajuato 1,"{37,31,41}","{Maven Toys Ciudad de Mexico 3,Maven Toys Ciudad de Mexico 2,Maven Toys Hermosillo 2}"
17,Kids Makeup Kit,13,Maven Toys Mexicali 2,"{37,31,41}","{Maven Toys Ciudad de Mexico 3,Maven Toys Ciudad de Mexico 2,Maven Toys Hermosillo 2}"
17,Kids Makeup Kit,12,Maven Toys Chetumal 1,"{37,31,41}","{Maven Toys Ciudad de Mexico 3,Maven Toys Ciudad de Mexico 2,Maven Toys Hermosillo 2}"
17,Kids Makeup Kit,11,Maven Toys Cuernavaca 1,"{37,31,41}","{Maven Toys Ciudad de Mexico 3,Maven Toys Ciudad de Mexico 2,Maven Toys Hermosillo 2}"
17,Kids Makeup Kit,4,Maven Toys Saltillo 1,"{37,31,41}","{Maven Toys Ciudad de Mexico 3,Maven Toys Ciudad de Mexico 2,Maven Toys Hermosillo 2}"
17,Kids Makeup Kit,3,Maven Toys Guadalajara 2,"{37,31,41}","{Maven Toys Ciudad de Mexico 3,Maven Toys Ciudad de Mexico 2,Maven Toys Hermosillo 2}"
20,Mini Basketball Hoop,50,Maven Toys Guanajuato 3,"{42,38,4}","{Maven Toys Hermosillo 3,Maven Toys Chihuahua 2,Maven Toys Saltillo 1}"
20,Mini Basketball Hoop,49,Maven Toys Culiacan 1,"{42,38,4}","{Maven Toys Hermosillo 3,Maven Toys Chihuahua 2,Maven Toys Saltillo 1}"
20,Mini Basketball Hoop,48,Maven Toys Saltillo 2,"{42,38,4}","{Maven Toys Hermosillo 3,Maven Toys Chihuahua 2,Maven Toys Saltillo 1}"
20,Mini Basketball Hoop,47,Maven Toys Monterrey 4,"{42,38,4}","{Maven Toys Hermosillo 3,Maven Toys Chihuahua 2,Maven Toys Saltillo 1}"
20,Mini Basketball Hoop,42,Maven Toys Hermosillo 3,"{42,38,4}","{Maven Toys Hermosillo 3,Maven Toys Chihuahua 2,Maven Toys Saltillo 1}"
20,Mini Basketball Hoop,41,Maven Toys Hermosillo 2,"{42,38,4}","{Maven Toys Hermosillo 3,Maven Toys Chihuahua 2,Maven Toys Saltillo 1}"
20,Mini Basketball Hoop,40,Maven Toys Toluca 2,"{42,38,4}","{Maven Toys Hermosillo 3,Maven Toys Chihuahua 2,Maven Toys Saltillo 1}"
20,Mini Basketball Hoop,38,Maven Toys Chihuahua 2,"{42,38,4}","{Maven Toys Hermosillo 3,Maven Toys Chihuahua 2,Maven Toys Saltillo 1}"
20,Mini Basketball Hoop,37,Maven Toys Ciudad de Mexico 3,"{42,38,4}","{Maven Toys Hermosillo 3,Maven Toys Chihuahua 2,Maven Toys Saltillo 1}"
20,Mini Basketball Hoop,34,Maven Toys Villahermosa 1,"{42,38,4}","{Maven Toys Hermosillo 3,Maven Toys Chihuahua 2,Maven Toys Saltillo 1}"
20,Mini Basketball Hoop,33,Maven Toys Monterrey 3,"{42,38,4}","{Maven Toys Hermosillo 3,Maven Toys Chihuahua 2,Maven Toys Saltillo 1}"
20,Mini Basketball Hoop,26,Maven Toys Campeche 2,"{42,38,4}","{Maven Toys Hermosillo 3,Maven Toys Chihuahua 2,Maven Toys Saltillo 1}"
20,Mini Basketball Hoop,24,Maven Toys Aguascalientes 1,"{42,38,4}","{Maven Toys Hermosillo 3,Maven Toys Chihuahua 2,Maven Toys Saltillo 1}"
20,Mini Basketball Hoop,23,Maven Toys Chihuahua 1,"{42,38,4}","{Maven Toys Hermosillo 3,Maven Toys Chihuahua 2,Maven Toys Saltillo 1}"
20,Mini Basketball Hoop,22,Maven Toys Guanajuato 2,"{42,38,4}","{Maven Toys Hermosillo 3,Maven Toys Chihuahua 2,Maven Toys Saltillo 1}"
20,Mini Basketball Hoop,19,Maven Toys Puebla 1,"{42,38,4}","{Maven Toys Hermosillo 3,Maven Toys Chihuahua 2,Maven Toys Saltillo 1}"
20,Mini Basketball Hoop,18,Maven Toys Merida 1,"{42,38,4}","{Maven Toys Hermosillo 3,Maven Toys Chihuahua 2,Maven Toys Saltillo 1}"
20,Mini Basketball Hoop,16,Maven Toys San Luis Potosi 1,"{42,38,4}","{Maven Toys Hermosillo 3,Maven Toys Chihuahua 2,Maven Toys Saltillo 1}"
20,Mini Basketball Hoop,12,Maven Toys Chetumal 1,"{42,38,4}","{Maven Toys Hermosillo 3,Maven Toys Chihuahua 2,Maven Toys Saltillo 1}"
20,Mini Basketball Hoop,10,Maven Toys Campeche 1,"{42,38,4}","{Maven Toys Hermosillo 3,Maven Toys Chihuahua 2,Maven Toys Saltillo 1}"
20,Mini Basketball Hoop,9,Maven Toys Ciudad de Mexico 1,"{42,38,4}","{Maven Toys Hermosillo 3,Maven Toys Chihuahua 2,Maven Toys Saltillo 1}"
20,Mini Basketball Hoop,8,Maven Toys Pachuca 1,"{42,38,4}","{Maven Toys Hermosillo 3,Maven Toys Chihuahua 2,Maven Toys Saltillo 1}"
20,Mini Basketball Hoop,7,Maven Toys Monterrey 2,"{42,38,4}","{Maven Toys Hermosillo 3,Maven Toys Chihuahua 2,Maven Toys Saltillo 1}"
20,Mini Basketball Hoop,6,Maven Toys Mexicali 1,"{42,38,4}","{Maven Toys Hermosillo 3,Maven Toys Chihuahua 2,Maven Toys Saltillo 1}"
20,Mini Basketball Hoop,4,Maven Toys Saltillo 1,"{42,38,4}","{Maven Toys Hermosillo 3,Maven Toys Chihuahua 2,Maven Toys Saltillo 1}"
20,Mini Basketball Hoop,1,Maven Toys Guadalajara 1,"{42,38,4}","{Maven Toys Hermosillo 3,Maven Toys Chihuahua 2,Maven Toys Saltillo 1}"
21,Mini Ping Pong Set,48,Maven Toys Saltillo 2,"{10,38,37}","{Maven Toys Campeche 1,Maven Toys Chihuahua 2,Maven Toys Ciudad de Mexico 3}"
21,Mini Ping Pong Set,47,Maven Toys Monterrey 4,"{10,38,37}","{Maven Toys Campeche 1,Maven Toys Chihuahua 2,Maven Toys Ciudad de Mexico 3}"
21,Mini Ping Pong Set,46,Maven Toys Guadalajara 4,"{10,38,37}","{Maven Toys Campeche 1,Maven Toys Chihuahua 2,Maven Toys Ciudad de Mexico 3}"
21,Mini Ping Pong Set,43,Maven Toys Durango 1,"{10,38,37}","{Maven Toys Campeche 1,Maven Toys Chihuahua 2,Maven Toys Ciudad de Mexico 3}"
21,Mini Ping Pong Set,40,Maven Toys Toluca 2,"{10,38,37}","{Maven Toys Campeche 1,Maven Toys Chihuahua 2,Maven Toys Ciudad de Mexico 3}"
21,Mini Ping Pong Set,36,Maven Toys Morelia 1,"{10,38,37}","{Maven Toys Campeche 1,Maven Toys Chihuahua 2,Maven Toys Ciudad de Mexico 3}"
21,Mini Ping Pong Set,33,Maven Toys Monterrey 3,"{10,38,37}","{Maven Toys Campeche 1,Maven Toys Chihuahua 2,Maven Toys Ciudad de Mexico 3}"
21,Mini Ping Pong Set,30,Maven Toys Guadalajara 3,"{10,38,37}","{Maven Toys Campeche 1,Maven Toys Chihuahua 2,Maven Toys Ciudad de Mexico 3}"
21,Mini Ping Pong Set,25,Maven Toys Ciudad Victoria 1,"{10,38,37}","{Maven Toys Campeche 1,Maven Toys Chihuahua 2,Maven Toys Ciudad de Mexico 3}"
21,Mini Ping Pong Set,19,Maven Toys Puebla 1,"{10,38,37}","{Maven Toys Campeche 1,Maven Toys Chihuahua 2,Maven Toys Ciudad de Mexico 3}"
22,Monopoly,50,Maven Toys Guanajuato 3,"{7,48,18}","{Maven Toys Monterrey 2,Maven Toys Saltillo 2,Maven Toys Merida 1}"
22,Monopoly,49,Maven Toys Culiacan 1,"{7,48,18}","{Maven Toys Monterrey 2,Maven Toys Saltillo 2,Maven Toys Merida 1}"
22,Monopoly,42,Maven Toys Hermosillo 3,"{7,48,18}","{Maven Toys Monterrey 2,Maven Toys Saltillo 2,Maven Toys Merida 1}"
22,Monopoly,41,Maven Toys Hermosillo 2,"{7,48,18}","{Maven Toys Monterrey 2,Maven Toys Saltillo 2,Maven Toys Merida 1}"
22,Monopoly,40,Maven Toys Toluca 2,"{7,48,18}","{Maven Toys Monterrey 2,Maven Toys Saltillo 2,Maven Toys Merida 1}"
22,Monopoly,38,Maven Toys Chihuahua 2,"{7,48,18}","{Maven Toys Monterrey 2,Maven Toys Saltillo 2,Maven Toys Merida 1}"
22,Monopoly,37,Maven Toys Ciudad de Mexico 3,"{7,48,18}","{Maven Toys Monterrey 2,Maven Toys Saltillo 2,Maven Toys Merida 1}"
22,Monopoly,36,Maven Toys Morelia 1,"{7,48,18}","{Maven Toys Monterrey 2,Maven Toys Saltillo 2,Maven Toys Merida 1}"
22,Monopoly,33,Maven Toys Monterrey 3,"{7,48,18}","{Maven Toys Monterrey 2,Maven Toys Saltillo 2,Maven Toys Merida 1}"
22,Monopoly,26,Maven Toys Campeche 2,"{7,48,18}","{Maven Toys Monterrey 2,Maven Toys Saltillo 2,Maven Toys Merida 1}"
22,Monopoly,24,Maven Toys Aguascalientes 1,"{7,48,18}","{Maven Toys Monterrey 2,Maven Toys Saltillo 2,Maven Toys Merida 1}"
22,Monopoly,23,Maven Toys Chihuahua 1,"{7,48,18}","{Maven Toys Monterrey 2,Maven Toys Saltillo 2,Maven Toys Merida 1}"
22,Monopoly,22,Maven Toys Guanajuato 2,"{7,48,18}","{Maven Toys Monterrey 2,Maven Toys Saltillo 2,Maven Toys Merida 1}"
22,Monopoly,19,Maven Toys Puebla 1,"{7,48,18}","{Maven Toys Monterrey 2,Maven Toys Saltillo 2,Maven Toys Merida 1}"
22,Monopoly,16,Maven Toys San Luis Potosi 1,"{7,48,18}","{Maven Toys Monterrey 2,Maven Toys Saltillo 2,Maven Toys Merida 1}"
22,Monopoly,12,Maven Toys Chetumal 1,"{7,48,18}","{Maven Toys Monterrey 2,Maven Toys Saltillo 2,Maven Toys Merida 1}"
22,Monopoly,9,Maven Toys Ciudad de Mexico 1,"{7,48,18}","{Maven Toys Monterrey 2,Maven Toys Saltillo 2,Maven Toys Merida 1}"
22,Monopoly,8,Maven Toys Pachuca 1,"{7,48,18}","{Maven Toys Monterrey 2,Maven Toys Saltillo 2,Maven Toys Merida 1}"
22,Monopoly,6,Maven Toys Mexicali 1,"{7,48,18}","{Maven Toys Monterrey 2,Maven Toys Saltillo 2,Maven Toys Merida 1}"
22,Monopoly,1,Maven Toys Guadalajara 1,"{7,48,18}","{Maven Toys Monterrey 2,Maven Toys Saltillo 2,Maven Toys Merida 1}"
23,Mr. Potatohead,47,Maven Toys Monterrey 4,"{9,11,50}","{Maven Toys Ciudad de Mexico 1,Maven Toys Cuernavaca 1,Maven Toys Guanajuato 3}"
23,Mr. Potatohead,46,Maven Toys Guadalajara 4,"{9,11,50}","{Maven Toys Ciudad de Mexico 1,Maven Toys Cuernavaca 1,Maven Toys Guanajuato 3}"
23,Mr. Potatohead,44,Maven Toys Puebla 3,"{9,11,50}","{Maven Toys Ciudad de Mexico 1,Maven Toys Cuernavaca 1,Maven Toys Guanajuato 3}"
23,Mr. Potatohead,39,Maven Toys Xalapa 2,"{9,11,50}","{Maven Toys Ciudad de Mexico 1,Maven Toys Cuernavaca 1,Maven Toys Guanajuato 3}"
23,Mr. Potatohead,38,Maven Toys Chihuahua 2,"{9,11,50}","{Maven Toys Ciudad de Mexico 1,Maven Toys Cuernavaca 1,Maven Toys Guanajuato 3}"
23,Mr. Potatohead,35,Maven Toys Chilpancingo 1,"{9,11,50}","{Maven Toys Ciudad de Mexico 1,Maven Toys Cuernavaca 1,Maven Toys Guanajuato 3}"
23,Mr. Potatohead,34,Maven Toys Villahermosa 1,"{9,11,50}","{Maven Toys Ciudad de Mexico 1,Maven Toys Cuernavaca 1,Maven Toys Guanajuato 3}"
23,Mr. Potatohead,32,Maven Toys Hermosillo 1,"{9,11,50}","{Maven Toys Ciudad de Mexico 1,Maven Toys Cuernavaca 1,Maven Toys Guanajuato 3}"
23,Mr. Potatohead,31,Maven Toys Ciudad de Mexico 2,"{9,11,50}","{Maven Toys Ciudad de Mexico 1,Maven Toys Cuernavaca 1,Maven Toys Guanajuato 3}"
23,Mr. Potatohead,30,Maven Toys Guadalajara 3,"{9,11,50}","{Maven Toys Ciudad de Mexico 1,Maven Toys Cuernavaca 1,Maven Toys Guanajuato 3}"
23,Mr. Potatohead,29,Maven Toys Xalapa 1,"{9,11,50}","{Maven Toys Ciudad de Mexico 1,Maven Toys Cuernavaca 1,Maven Toys Guanajuato 3}"
23,Mr. Potatohead,27,Maven Toys Oaxaca 1,"{9,11,50}","{Maven Toys Ciudad de Mexico 1,Maven Toys Cuernavaca 1,Maven Toys Guanajuato 3}"
23,Mr. Potatohead,22,Maven Toys Guanajuato 2,"{9,11,50}","{Maven Toys Ciudad de Mexico 1,Maven Toys Cuernavaca 1,Maven Toys Guanajuato 3}"
23,Mr. Potatohead,21,Maven Toys Santiago 1,"{9,11,50}","{Maven Toys Ciudad de Mexico 1,Maven Toys Cuernavaca 1,Maven Toys Guanajuato 3}"
23,Mr. Potatohead,20,Maven Toys Zacatecas 1,"{9,11,50}","{Maven Toys Ciudad de Mexico 1,Maven Toys Cuernavaca 1,Maven Toys Guanajuato 3}"
23,Mr. Potatohead,18,Maven Toys Merida 1,"{9,11,50}","{Maven Toys Ciudad de Mexico 1,Maven Toys Cuernavaca 1,Maven Toys Guanajuato 3}"
23,Mr. Potatohead,17,Maven Toys Toluca 1,"{9,11,50}","{Maven Toys Ciudad de Mexico 1,Maven Toys Cuernavaca 1,Maven Toys Guanajuato 3}"
23,Mr. Potatohead,15,Maven Toys Tuxtla Gutierrez 1,"{9,11,50}","{Maven Toys Ciudad de Mexico 1,Maven Toys Cuernavaca 1,Maven Toys Guanajuato 3}"
23,Mr. Potatohead,14,Maven Toys Guanajuato 1,"{9,11,50}","{Maven Toys Ciudad de Mexico 1,Maven Toys Cuernavaca 1,Maven Toys Guanajuato 3}"
23,Mr. Potatohead,13,Maven Toys Mexicali 2,"{9,11,50}","{Maven Toys Ciudad de Mexico 1,Maven Toys Cuernavaca 1,Maven Toys Guanajuato 3}"
23,Mr. Potatohead,12,Maven Toys Chetumal 1,"{9,11,50}","{Maven Toys Ciudad de Mexico 1,Maven Toys Cuernavaca 1,Maven Toys Guanajuato 3}"
23,Mr. Potatohead,6,Maven Toys Mexicali 1,"{9,11,50}","{Maven Toys Ciudad de Mexico 1,Maven Toys Cuernavaca 1,Maven Toys Guanajuato 3}"
23,Mr. Potatohead,3,Maven Toys Guadalajara 2,"{9,11,50}","{Maven Toys Ciudad de Mexico 1,Maven Toys Cuernavaca 1,Maven Toys Guanajuato 3}"
23,Mr. Potatohead,2,Maven Toys Monterrey 1,"{9,11,50}","{Maven Toys Ciudad de Mexico 1,Maven Toys Cuernavaca 1,Maven Toys Guanajuato 3}"
26,PlayDoh Playset,50,Maven Toys Guanajuato 3,"{30,39,19}","{Maven Toys Guadalajara 3,Maven Toys Xalapa 2,Maven Toys Puebla 1}"
26,PlayDoh Playset,49,Maven Toys Culiacan 1,"{30,39,19}","{Maven Toys Guadalajara 3,Maven Toys Xalapa 2,Maven Toys Puebla 1}"
26,PlayDoh Playset,48,Maven Toys Saltillo 2,"{30,39,19}","{Maven Toys Guadalajara 3,Maven Toys Xalapa 2,Maven Toys Puebla 1}"
26,PlayDoh Playset,47,Maven Toys Monterrey 4,"{30,39,19}","{Maven Toys Guadalajara 3,Maven Toys Xalapa 2,Maven Toys Puebla 1}"
26,PlayDoh Playset,45,Maven Toys Ciudad de Mexico 4,"{30,39,19}","{Maven Toys Guadalajara 3,Maven Toys Xalapa 2,Maven Toys Puebla 1}"
26,PlayDoh Playset,43,Maven Toys Durango 1,"{30,39,19}","{Maven Toys Guadalajara 3,Maven Toys Xalapa 2,Maven Toys Puebla 1}"
26,PlayDoh Playset,42,Maven Toys Hermosillo 3,"{30,39,19}","{Maven Toys Guadalajara 3,Maven Toys Xalapa 2,Maven Toys Puebla 1}"
26,PlayDoh Playset,41,Maven Toys Hermosillo 2,"{30,39,19}","{Maven Toys Guadalajara 3,Maven Toys Xalapa 2,Maven Toys Puebla 1}"
26,PlayDoh Playset,40,Maven Toys Toluca 2,"{30,39,19}","{Maven Toys Guadalajara 3,Maven Toys Xalapa 2,Maven Toys Puebla 1}"
26,PlayDoh Playset,39,Maven Toys Xalapa 2,"{30,39,19}","{Maven Toys Guadalajara 3,Maven Toys Xalapa 2,Maven Toys Puebla 1}"
26,PlayDoh Playset,38,Maven Toys Chihuahua 2,"{30,39,19}","{Maven Toys Guadalajara 3,Maven Toys Xalapa 2,Maven Toys Puebla 1}"
26,PlayDoh Playset,37,Maven Toys Ciudad de Mexico 3,"{30,39,19}","{Maven Toys Guadalajara 3,Maven Toys Xalapa 2,Maven Toys Puebla 1}"
26,PlayDoh Playset,36,Maven Toys Morelia 1,"{30,39,19}","{Maven Toys Guadalajara 3,Maven Toys Xalapa 2,Maven Toys Puebla 1}"
26,PlayDoh Playset,35,Maven Toys Chilpancingo 1,"{30,39,19}","{Maven Toys Guadalajara 3,Maven Toys Xalapa 2,Maven Toys Puebla 1}"
26,PlayDoh Playset,34,Maven Toys Villahermosa 1,"{30,39,19}","{Maven Toys Guadalajara 3,Maven Toys Xalapa 2,Maven Toys Puebla 1}"
26,PlayDoh Playset,33,Maven Toys Monterrey 3,"{30,39,19}","{Maven Toys Guadalajara 3,Maven Toys Xalapa 2,Maven Toys Puebla 1}"
26,PlayDoh Playset,32,Maven Toys Hermosillo 1,"{30,39,19}","{Maven Toys Guadalajara 3,Maven Toys Xalapa 2,Maven Toys Puebla 1}"
26,PlayDoh Playset,31,Maven Toys Ciudad de Mexico 2,"{30,39,19}","{Maven Toys Guadalajara 3,Maven Toys Xalapa 2,Maven Toys Puebla 1}"
26,PlayDoh Playset,30,Maven Toys Guadalajara 3,"{30,39,19}","{Maven Toys Guadalajara 3,Maven Toys Xalapa 2,Maven Toys Puebla 1}"
26,PlayDoh Playset,29,Maven Toys Xalapa 1,"{30,39,19}","{Maven Toys Guadalajara 3,Maven Toys Xalapa 2,Maven Toys Puebla 1}"
26,PlayDoh Playset,28,Maven Toys Puebla 2,"{30,39,19}","{Maven Toys Guadalajara 3,Maven Toys Xalapa 2,Maven Toys Puebla 1}"
26,PlayDoh Playset,25,Maven Toys Ciudad Victoria 1,"{30,39,19}","{Maven Toys Guadalajara 3,Maven Toys Xalapa 2,Maven Toys Puebla 1}"
26,PlayDoh Playset,24,Maven Toys Aguascalientes 1,"{30,39,19}","{Maven Toys Guadalajara 3,Maven Toys Xalapa 2,Maven Toys Puebla 1}"
26,PlayDoh Playset,23,Maven Toys Chihuahua 1,"{30,39,19}","{Maven Toys Guadalajara 3,Maven Toys Xalapa 2,Maven Toys Puebla 1}"
26,PlayDoh Playset,22,Maven Toys Guanajuato 2,"{30,39,19}","{Maven Toys Guadalajara 3,Maven Toys Xalapa 2,Maven Toys Puebla 1}"
26,PlayDoh Playset,21,Maven Toys Santiago 1,"{30,39,19}","{Maven Toys Guadalajara 3,Maven Toys Xalapa 2,Maven Toys Puebla 1}"
26,PlayDoh Playset,18,Maven Toys Merida 1,"{30,39,19}","{Maven Toys Guadalajara 3,Maven Toys Xalapa 2,Maven Toys Puebla 1}"
26,PlayDoh Playset,17,Maven Toys Toluca 1,"{30,39,19}","{Maven Toys Guadalajara 3,Maven Toys Xalapa 2,Maven Toys Puebla 1}"
26,PlayDoh Playset,16,Maven Toys San Luis Potosi 1,"{30,39,19}","{Maven Toys Guadalajara 3,Maven Toys Xalapa 2,Maven Toys Puebla 1}"
26,PlayDoh Playset,15,Maven Toys Tuxtla Gutierrez 1,"{30,39,19}","{Maven Toys Guadalajara 3,Maven Toys Xalapa 2,Maven Toys Puebla 1}"
26,PlayDoh Playset,13,Maven Toys Mexicali 2,"{30,39,19}","{Maven Toys Guadalajara 3,Maven Toys Xalapa 2,Maven Toys Puebla 1}"
26,PlayDoh Playset,12,Maven Toys Chetumal 1,"{30,39,19}","{Maven Toys Guadalajara 3,Maven Toys Xalapa 2,Maven Toys Puebla 1}"
26,PlayDoh Playset,11,Maven Toys Cuernavaca 1,"{30,39,19}","{Maven Toys Guadalajara 3,Maven Toys Xalapa 2,Maven Toys Puebla 1}"
26,PlayDoh Playset,10,Maven Toys Campeche 1,"{30,39,19}","{Maven Toys Guadalajara 3,Maven Toys Xalapa 2,Maven Toys Puebla 1}"
26,PlayDoh Playset,9,Maven Toys Ciudad de Mexico 1,"{30,39,19}","{Maven Toys Guadalajara 3,Maven Toys Xalapa 2,Maven Toys Puebla 1}"
26,PlayDoh Playset,7,Maven Toys Monterrey 2,"{30,39,19}","{Maven Toys Guadalajara 3,Maven Toys Xalapa 2,Maven Toys Puebla 1}"
26,PlayDoh Playset,6,Maven Toys Mexicali 1,"{30,39,19}","{Maven Toys Guadalajara 3,Maven Toys Xalapa 2,Maven Toys Puebla 1}"
26,PlayDoh Playset,5,Maven Toys La Paz 1,"{30,39,19}","{Maven Toys Guadalajara 3,Maven Toys Xalapa 2,Maven Toys Puebla 1}"
26,PlayDoh Playset,4,Maven Toys Saltillo 1,"{30,39,19}","{Maven Toys Guadalajara 3,Maven Toys Xalapa 2,Maven Toys Puebla 1}"
26,PlayDoh Playset,3,Maven Toys Guadalajara 2,"{30,39,19}","{Maven Toys Guadalajara 3,Maven Toys Xalapa 2,Maven Toys Puebla 1}"
26,PlayDoh Playset,2,Maven Toys Monterrey 1,"{30,39,19}","{Maven Toys Guadalajara 3,Maven Toys Xalapa 2,Maven Toys Puebla 1}"
26,PlayDoh Playset,1,Maven Toys Guadalajara 1,"{30,39,19}","{Maven Toys Guadalajara 3,Maven Toys Xalapa 2,Maven Toys Puebla 1}"
27,PlayDoh Toolkit,48,Maven Toys Saltillo 2,"{30,31,9}","{Maven Toys Guadalajara 3,Maven Toys Ciudad de Mexico 2,Maven Toys Ciudad de Mexico 1}"
27,PlayDoh Toolkit,47,Maven Toys Monterrey 4,"{30,31,9}","{Maven Toys Guadalajara 3,Maven Toys Ciudad de Mexico 2,Maven Toys Ciudad de Mexico 1}"
27,PlayDoh Toolkit,46,Maven Toys Guadalajara 4,"{30,31,9}","{Maven Toys Guadalajara 3,Maven Toys Ciudad de Mexico 2,Maven Toys Ciudad de Mexico 1}"
27,PlayDoh Toolkit,45,Maven Toys Ciudad de Mexico 4,"{30,31,9}","{Maven Toys Guadalajara 3,Maven Toys Ciudad de Mexico 2,Maven Toys Ciudad de Mexico 1}"
27,PlayDoh Toolkit,44,Maven Toys Puebla 3,"{30,31,9}","{Maven Toys Guadalajara 3,Maven Toys Ciudad de Mexico 2,Maven Toys Ciudad de Mexico 1}"
27,PlayDoh Toolkit,43,Maven Toys Durango 1,"{30,31,9}","{Maven Toys Guadalajara 3,Maven Toys Ciudad de Mexico 2,Maven Toys Ciudad de Mexico 1}"
27,PlayDoh Toolkit,36,Maven Toys Morelia 1,"{30,31,9}","{Maven Toys Guadalajara 3,Maven Toys Ciudad de Mexico 2,Maven Toys Ciudad de Mexico 1}"
27,PlayDoh Toolkit,31,Maven Toys Ciudad de Mexico 2,"{30,31,9}","{Maven Toys Guadalajara 3,Maven Toys Ciudad de Mexico 2,Maven Toys Ciudad de Mexico 1}"
27,PlayDoh Toolkit,28,Maven Toys Puebla 2,"{30,31,9}","{Maven Toys Guadalajara 3,Maven Toys Ciudad de Mexico 2,Maven Toys Ciudad de Mexico 1}"
27,PlayDoh Toolkit,27,Maven Toys Oaxaca 1,"{30,31,9}","{Maven Toys Guadalajara 3,Maven Toys Ciudad de Mexico 2,Maven Toys Ciudad de Mexico 1}"
27,PlayDoh Toolkit,17,Maven Toys Toluca 1,"{30,31,9}","{Maven Toys Guadalajara 3,Maven Toys Ciudad de Mexico 2,Maven Toys Ciudad de Mexico 1}"
27,PlayDoh Toolkit,15,Maven Toys Tuxtla Gutierrez 1,"{30,31,9}","{Maven Toys Guadalajara 3,Maven Toys Ciudad de Mexico 2,Maven Toys Ciudad de Mexico 1}"
27,PlayDoh Toolkit,7,Maven Toys Monterrey 2,"{30,31,9}","{Maven Toys Guadalajara 3,Maven Toys Ciudad de Mexico 2,Maven Toys Ciudad de Mexico 1}"
27,PlayDoh Toolkit,5,Maven Toys La Paz 1,"{30,31,9}","{Maven Toys Guadalajara 3,Maven Toys Ciudad de Mexico 2,Maven Toys Ciudad de Mexico 1}"
27,PlayDoh Toolkit,4,Maven Toys Saltillo 1,"{30,31,9}","{Maven Toys Guadalajara 3,Maven Toys Ciudad de Mexico 2,Maven Toys Ciudad de Mexico 1}"
27,PlayDoh Toolkit,2,Maven Toys Monterrey 1,"{30,31,9}","{Maven Toys Guadalajara 3,Maven Toys Ciudad de Mexico 2,Maven Toys Ciudad de Mexico 1}"
28,Playfoam,50,Maven Toys Guanajuato 3,"{41,27,48}","{Maven Toys Hermosillo 2,Maven Toys Oaxaca 1,Maven Toys Saltillo 2}"
28,Playfoam,49,Maven Toys Culiacan 1,"{41,27,48}","{Maven Toys Hermosillo 2,Maven Toys Oaxaca 1,Maven Toys Saltillo 2}"
28,Playfoam,47,Maven Toys Monterrey 4,"{41,27,48}","{Maven Toys Hermosillo 2,Maven Toys Oaxaca 1,Maven Toys Saltillo 2}"
28,Playfoam,46,Maven Toys Guadalajara 4,"{41,27,48}","{Maven Toys Hermosillo 2,Maven Toys Oaxaca 1,Maven Toys Saltillo 2}"
28,Playfoam,45,Maven Toys Ciudad de Mexico 4,"{41,27,48}","{Maven Toys Hermosillo 2,Maven Toys Oaxaca 1,Maven Toys Saltillo 2}"
28,Playfoam,43,Maven Toys Durango 1,"{41,27,48}","{Maven Toys Hermosillo 2,Maven Toys Oaxaca 1,Maven Toys Saltillo 2}"
28,Playfoam,42,Maven Toys Hermosillo 3,"{41,27,48}","{Maven Toys Hermosillo 2,Maven Toys Oaxaca 1,Maven Toys Saltillo 2}"
28,Playfoam,39,Maven Toys Xalapa 2,"{41,27,48}","{Maven Toys Hermosillo 2,Maven Toys Oaxaca 1,Maven Toys Saltillo 2}"
28,Playfoam,37,Maven Toys Ciudad de Mexico 3,"{41,27,48}","{Maven Toys Hermosillo 2,Maven Toys Oaxaca 1,Maven Toys Saltillo 2}"
28,Playfoam,36,Maven Toys Morelia 1,"{41,27,48}","{Maven Toys Hermosillo 2,Maven Toys Oaxaca 1,Maven Toys Saltillo 2}"
28,Playfoam,35,Maven Toys Chilpancingo 1,"{41,27,48}","{Maven Toys Hermosillo 2,Maven Toys Oaxaca 1,Maven Toys Saltillo 2}"
28,Playfoam,33,Maven Toys Monterrey 3,"{41,27,48}","{Maven Toys Hermosillo 2,Maven Toys Oaxaca 1,Maven Toys Saltillo 2}"
28,Playfoam,32,Maven Toys Hermosillo 1,"{41,27,48}","{Maven Toys Hermosillo 2,Maven Toys Oaxaca 1,Maven Toys Saltillo 2}"
28,Playfoam,31,Maven Toys Ciudad de Mexico 2,"{41,27,48}","{Maven Toys Hermosillo 2,Maven Toys Oaxaca 1,Maven Toys Saltillo 2}"
28,Playfoam,30,Maven Toys Guadalajara 3,"{41,27,48}","{Maven Toys Hermosillo 2,Maven Toys Oaxaca 1,Maven Toys Saltillo 2}"
28,Playfoam,29,Maven Toys Xalapa 1,"{41,27,48}","{Maven Toys Hermosillo 2,Maven Toys Oaxaca 1,Maven Toys Saltillo 2}"
28,Playfoam,28,Maven Toys Puebla 2,"{41,27,48}","{Maven Toys Hermosillo 2,Maven Toys Oaxaca 1,Maven Toys Saltillo 2}"
28,Playfoam,25,Maven Toys Ciudad Victoria 1,"{41,27,48}","{Maven Toys Hermosillo 2,Maven Toys Oaxaca 1,Maven Toys Saltillo 2}"
28,Playfoam,24,Maven Toys Aguascalientes 1,"{41,27,48}","{Maven Toys Hermosillo 2,Maven Toys Oaxaca 1,Maven Toys Saltillo 2}"
28,Playfoam,23,Maven Toys Chihuahua 1,"{41,27,48}","{Maven Toys Hermosillo 2,Maven Toys Oaxaca 1,Maven Toys Saltillo 2}"
28,Playfoam,21,Maven Toys Santiago 1,"{41,27,48}","{Maven Toys Hermosillo 2,Maven Toys Oaxaca 1,Maven Toys Saltillo 2}"
28,Playfoam,20,Maven Toys Zacatecas 1,"{41,27,48}","{Maven Toys Hermosillo 2,Maven Toys Oaxaca 1,Maven Toys Saltillo 2}"
28,Playfoam,19,Maven Toys Puebla 1,"{41,27,48}","{Maven Toys Hermosillo 2,Maven Toys Oaxaca 1,Maven Toys Saltillo 2}"
28,Playfoam,18,Maven Toys Merida 1,"{41,27,48}","{Maven Toys Hermosillo 2,Maven Toys Oaxaca 1,Maven Toys Saltillo 2}"
28,Playfoam,17,Maven Toys Toluca 1,"{41,27,48}","{Maven Toys Hermosillo 2,Maven Toys Oaxaca 1,Maven Toys Saltillo 2}"
28,Playfoam,15,Maven Toys Tuxtla Gutierrez 1,"{41,27,48}","{Maven Toys Hermosillo 2,Maven Toys Oaxaca 1,Maven Toys Saltillo 2}"
28,Playfoam,14,Maven Toys Guanajuato 1,"{41,27,48}","{Maven Toys Hermosillo 2,Maven Toys Oaxaca 1,Maven Toys Saltillo 2}"
28,Playfoam,13,Maven Toys Mexicali 2,"{41,27,48}","{Maven Toys Hermosillo 2,Maven Toys Oaxaca 1,Maven Toys Saltillo 2}"
28,Playfoam,12,Maven Toys Chetumal 1,"{41,27,48}","{Maven Toys Hermosillo 2,Maven Toys Oaxaca 1,Maven Toys Saltillo 2}"
28,Playfoam,11,Maven Toys Cuernavaca 1,"{41,27,48}","{Maven Toys Hermosillo 2,Maven Toys Oaxaca 1,Maven Toys Saltillo 2}"
28,Playfoam,10,Maven Toys Campeche 1,"{41,27,48}","{Maven Toys Hermosillo 2,Maven Toys Oaxaca 1,Maven Toys Saltillo 2}"
28,Playfoam,9,Maven Toys Ciudad de Mexico 1,"{41,27,48}","{Maven Toys Hermosillo 2,Maven Toys Oaxaca 1,Maven Toys Saltillo 2}"
28,Playfoam,8,Maven Toys Pachuca 1,"{41,27,48}","{Maven Toys Hermosillo 2,Maven Toys Oaxaca 1,Maven Toys Saltillo 2}"
28,Playfoam,7,Maven Toys Monterrey 2,"{41,27,48}","{Maven Toys Hermosillo 2,Maven Toys Oaxaca 1,Maven Toys Saltillo 2}"
28,Playfoam,6,Maven Toys Mexicali 1,"{41,27,48}","{Maven Toys Hermosillo 2,Maven Toys Oaxaca 1,Maven Toys Saltillo 2}"
28,Playfoam,5,Maven Toys La Paz 1,"{41,27,48}","{Maven Toys Hermosillo 2,Maven Toys Oaxaca 1,Maven Toys Saltillo 2}"
28,Playfoam,4,Maven Toys Saltillo 1,"{41,27,48}","{Maven Toys Hermosillo 2,Maven Toys Oaxaca 1,Maven Toys Saltillo 2}"
28,Playfoam,3,Maven Toys Guadalajara 2,"{41,27,48}","{Maven Toys Hermosillo 2,Maven Toys Oaxaca 1,Maven Toys Saltillo 2}"
28,Playfoam,2,Maven Toys Monterrey 1,"{41,27,48}","{Maven Toys Hermosillo 2,Maven Toys Oaxaca 1,Maven Toys Saltillo 2}"
28,Playfoam,1,Maven Toys Guadalajara 1,"{41,27,48}","{Maven Toys Hermosillo 2,Maven Toys Oaxaca 1,Maven Toys Saltillo 2}"
29,Plush Pony,50,Maven Toys Guanajuato 3,"{30,47,31,45}","{Maven Toys Guadalajara 3,Maven Toys Monterrey 4,Maven Toys Ciudad de Mexico 2,Maven Toys Ciudad de Mexico 4}"
29,Plush Pony,48,Maven Toys Saltillo 2,"{30,47,31,45}","{Maven Toys Guadalajara 3,Maven Toys Monterrey 4,Maven Toys Ciudad de Mexico 2,Maven Toys Ciudad de Mexico 4}"
29,Plush Pony,47,Maven Toys Monterrey 4,"{30,47,31,45}","{Maven Toys Guadalajara 3,Maven Toys Monterrey 4,Maven Toys Ciudad de Mexico 2,Maven Toys Ciudad de Mexico 4}"
29,Plush Pony,46,Maven Toys Guadalajara 4,"{30,47,31,45}","{Maven Toys Guadalajara 3,Maven Toys Monterrey 4,Maven Toys Ciudad de Mexico 2,Maven Toys Ciudad de Mexico 4}"
29,Plush Pony,45,Maven Toys Ciudad de Mexico 4,"{30,47,31,45}","{Maven Toys Guadalajara 3,Maven Toys Monterrey 4,Maven Toys Ciudad de Mexico 2,Maven Toys Ciudad de Mexico 4}"
29,Plush Pony,44,Maven Toys Puebla 3,"{30,47,31,45}","{Maven Toys Guadalajara 3,Maven Toys Monterrey 4,Maven Toys Ciudad de Mexico 2,Maven Toys Ciudad de Mexico 4}"
29,Plush Pony,43,Maven Toys Durango 1,"{30,47,31,45}","{Maven Toys Guadalajara 3,Maven Toys Monterrey 4,Maven Toys Ciudad de Mexico 2,Maven Toys Ciudad de Mexico 4}"
29,Plush Pony,42,Maven Toys Hermosillo 3,"{30,47,31,45}","{Maven Toys Guadalajara 3,Maven Toys Monterrey 4,Maven Toys Ciudad de Mexico 2,Maven Toys Ciudad de Mexico 4}"
29,Plush Pony,41,Maven Toys Hermosillo 2,"{30,47,31,45}","{Maven Toys Guadalajara 3,Maven Toys Monterrey 4,Maven Toys Ciudad de Mexico 2,Maven Toys Ciudad de Mexico 4}"
29,Plush Pony,40,Maven Toys Toluca 2,"{30,47,31,45}","{Maven Toys Guadalajara 3,Maven Toys Monterrey 4,Maven Toys Ciudad de Mexico 2,Maven Toys Ciudad de Mexico 4}"
29,Plush Pony,39,Maven Toys Xalapa 2,"{30,47,31,45}","{Maven Toys Guadalajara 3,Maven Toys Monterrey 4,Maven Toys Ciudad de Mexico 2,Maven Toys Ciudad de Mexico 4}"
29,Plush Pony,38,Maven Toys Chihuahua 2,"{30,47,31,45}","{Maven Toys Guadalajara 3,Maven Toys Monterrey 4,Maven Toys Ciudad de Mexico 2,Maven Toys Ciudad de Mexico 4}"
29,Plush Pony,36,Maven Toys Morelia 1,"{30,47,31,45}","{Maven Toys Guadalajara 3,Maven Toys Monterrey 4,Maven Toys Ciudad de Mexico 2,Maven Toys Ciudad de Mexico 4}"
29,Plush Pony,35,Maven Toys Chilpancingo 1,"{30,47,31,45}","{Maven Toys Guadalajara 3,Maven Toys Monterrey 4,Maven Toys Ciudad de Mexico 2,Maven Toys Ciudad de Mexico 4}"
29,Plush Pony,34,Maven Toys Villahermosa 1,"{30,47,31,45}","{Maven Toys Guadalajara 3,Maven Toys Monterrey 4,Maven Toys Ciudad de Mexico 2,Maven Toys Ciudad de Mexico 4}"
29,Plush Pony,33,Maven Toys Monterrey 3,"{30,47,31,45}","{Maven Toys Guadalajara 3,Maven Toys Monterrey 4,Maven Toys Ciudad de Mexico 2,Maven Toys Ciudad de Mexico 4}"
29,Plush Pony,32,Maven Toys Hermosillo 1,"{30,47,31,45}","{Maven Toys Guadalajara 3,Maven Toys Monterrey 4,Maven Toys Ciudad de Mexico 2,Maven Toys Ciudad de Mexico 4}"
29,Plush Pony,31,Maven Toys Ciudad de Mexico 2,"{30,47,31,45}","{Maven Toys Guadalajara 3,Maven Toys Monterrey 4,Maven Toys Ciudad de Mexico 2,Maven Toys Ciudad de Mexico 4}"
29,Plush Pony,30,Maven Toys Guadalajara 3,"{30,47,31,45}","{Maven Toys Guadalajara 3,Maven Toys Monterrey 4,Maven Toys Ciudad de Mexico 2,Maven Toys Ciudad de Mexico 4}"
29,Plush Pony,29,Maven Toys Xalapa 1,"{30,47,31,45}","{Maven Toys Guadalajara 3,Maven Toys Monterrey 4,Maven Toys Ciudad de Mexico 2,Maven Toys Ciudad de Mexico 4}"
29,Plush Pony,28,Maven Toys Puebla 2,"{30,47,31,45}","{Maven Toys Guadalajara 3,Maven Toys Monterrey 4,Maven Toys Ciudad de Mexico 2,Maven Toys Ciudad de Mexico 4}"
29,Plush Pony,27,Maven Toys Oaxaca 1,"{30,47,31,45}","{Maven Toys Guadalajara 3,Maven Toys Monterrey 4,Maven Toys Ciudad de Mexico 2,Maven Toys Ciudad de Mexico 4}"
29,Plush Pony,26,Maven Toys Campeche 2,"{30,47,31,45}","{Maven Toys Guadalajara 3,Maven Toys Monterrey 4,Maven Toys Ciudad de Mexico 2,Maven Toys Ciudad de Mexico 4}"
29,Plush Pony,25,Maven Toys Ciudad Victoria 1,"{30,47,31,45}","{Maven Toys Guadalajara 3,Maven Toys Monterrey 4,Maven Toys Ciudad de Mexico 2,Maven Toys Ciudad de Mexico 4}"
29,Plush Pony,24,Maven Toys Aguascalientes 1,"{30,47,31,45}","{Maven Toys Guadalajara 3,Maven Toys Monterrey 4,Maven Toys Ciudad de Mexico 2,Maven Toys Ciudad de Mexico 4}"
29,Plush Pony,23,Maven Toys Chihuahua 1,"{30,47,31,45}","{Maven Toys Guadalajara 3,Maven Toys Monterrey 4,Maven Toys Ciudad de Mexico 2,Maven Toys Ciudad de Mexico 4}"
29,Plush Pony,21,Maven Toys Santiago 1,"{30,47,31,45}","{Maven Toys Guadalajara 3,Maven Toys Monterrey 4,Maven Toys Ciudad de Mexico 2,Maven Toys Ciudad de Mexico 4}"
29,Plush Pony,20,Maven Toys Zacatecas 1,"{30,47,31,45}","{Maven Toys Guadalajara 3,Maven Toys Monterrey 4,Maven Toys Ciudad de Mexico 2,Maven Toys Ciudad de Mexico 4}"
29,Plush Pony,19,Maven Toys Puebla 1,"{30,47,31,45}","{Maven Toys Guadalajara 3,Maven Toys Monterrey 4,Maven Toys Ciudad de Mexico 2,Maven Toys Ciudad de Mexico 4}"
29,Plush Pony,18,Maven Toys Merida 1,"{30,47,31,45}","{Maven Toys Guadalajara 3,Maven Toys Monterrey 4,Maven Toys Ciudad de Mexico 2,Maven Toys Ciudad de Mexico 4}"
29,Plush Pony,17,Maven Toys Toluca 1,"{30,47,31,45}","{Maven Toys Guadalajara 3,Maven Toys Monterrey 4,Maven Toys Ciudad de Mexico 2,Maven Toys Ciudad de Mexico 4}"
29,Plush Pony,16,Maven Toys San Luis Potosi 1,"{30,47,31,45}","{Maven Toys Guadalajara 3,Maven Toys Monterrey 4,Maven Toys Ciudad de Mexico 2,Maven Toys Ciudad de Mexico 4}"
29,Plush Pony,15,Maven Toys Tuxtla Gutierrez 1,"{30,47,31,45}","{Maven Toys Guadalajara 3,Maven Toys Monterrey 4,Maven Toys Ciudad de Mexico 2,Maven Toys Ciudad de Mexico 4}"
29,Plush Pony,14,Maven Toys Guanajuato 1,"{30,47,31,45}","{Maven Toys Guadalajara 3,Maven Toys Monterrey 4,Maven Toys Ciudad de Mexico 2,Maven Toys Ciudad de Mexico 4}"
29,Plush Pony,13,Maven Toys Mexicali 2,"{30,47,31,45}","{Maven Toys Guadalajara 3,Maven Toys Monterrey 4,Maven Toys Ciudad de Mexico 2,Maven Toys Ciudad de Mexico 4}"
29,Plush Pony,11,Maven Toys Cuernavaca 1,"{30,47,31,45}","{Maven Toys Guadalajara 3,Maven Toys Monterrey 4,Maven Toys Ciudad de Mexico 2,Maven Toys Ciudad de Mexico 4}"
29,Plush Pony,10,Maven Toys Campeche 1,"{30,47,31,45}","{Maven Toys Guadalajara 3,Maven Toys Monterrey 4,Maven Toys Ciudad de Mexico 2,Maven Toys Ciudad de Mexico 4}"
29,Plush Pony,9,Maven Toys Ciudad de Mexico 1,"{30,47,31,45}","{Maven Toys Guadalajara 3,Maven Toys Monterrey 4,Maven Toys Ciudad de Mexico 2,Maven Toys Ciudad de Mexico 4}"
29,Plush Pony,8,Maven Toys Pachuca 1,"{30,47,31,45}","{Maven Toys Guadalajara 3,Maven Toys Monterrey 4,Maven Toys Ciudad de Mexico 2,Maven Toys Ciudad de Mexico 4}"
29,Plush Pony,7,Maven Toys Monterrey 2,"{30,47,31,45}","{Maven Toys Guadalajara 3,Maven Toys Monterrey 4,Maven Toys Ciudad de Mexico 2,Maven Toys Ciudad de Mexico 4}"
29,Plush Pony,5,Maven Toys La Paz 1,"{30,47,31,45}","{Maven Toys Guadalajara 3,Maven Toys Monterrey 4,Maven Toys Ciudad de Mexico 2,Maven Toys Ciudad de Mexico 4}"
29,Plush Pony,4,Maven Toys Saltillo 1,"{30,47,31,45}","{Maven Toys Guadalajara 3,Maven Toys Monterrey 4,Maven Toys Ciudad de Mexico 2,Maven Toys Ciudad de Mexico 4}"
29,Plush Pony,3,Maven Toys Guadalajara 2,"{30,47,31,45}","{Maven Toys Guadalajara 3,Maven Toys Monterrey 4,Maven Toys Ciudad de Mexico 2,Maven Toys Ciudad de Mexico 4}"
29,Plush Pony,2,Maven Toys Monterrey 1,"{30,47,31,45}","{Maven Toys Guadalajara 3,Maven Toys Monterrey 4,Maven Toys Ciudad de Mexico 2,Maven Toys Ciudad de Mexico 4}"
29,Plush Pony,1,Maven Toys Guadalajara 1,"{30,47,31,45}","{Maven Toys Guadalajara 3,Maven Toys Monterrey 4,Maven Toys Ciudad de Mexico 2,Maven Toys Ciudad de Mexico 4}"
32,Supersoaker Water Gun,50,Maven Toys Guanajuato 3,"{31,47,29}","{Maven Toys Ciudad de Mexico 2,Maven Toys Monterrey 4,Maven Toys Xalapa 1}"
32,Supersoaker Water Gun,49,Maven Toys Culiacan 1,"{31,47,29}","{Maven Toys Ciudad de Mexico 2,Maven Toys Monterrey 4,Maven Toys Xalapa 1}"
32,Supersoaker Water Gun,48,Maven Toys Saltillo 2,"{31,47,29}","{Maven Toys Ciudad de Mexico 2,Maven Toys Monterrey 4,Maven Toys Xalapa 1}"
32,Supersoaker Water Gun,47,Maven Toys Monterrey 4,"{31,47,29}","{Maven Toys Ciudad de Mexico 2,Maven Toys Monterrey 4,Maven Toys Xalapa 1}"
32,Supersoaker Water Gun,46,Maven Toys Guadalajara 4,"{31,47,29}","{Maven Toys Ciudad de Mexico 2,Maven Toys Monterrey 4,Maven Toys Xalapa 1}"
32,Supersoaker Water Gun,45,Maven Toys Ciudad de Mexico 4,"{31,47,29}","{Maven Toys Ciudad de Mexico 2,Maven Toys Monterrey 4,Maven Toys Xalapa 1}"
32,Supersoaker Water Gun,44,Maven Toys Puebla 3,"{31,47,29}","{Maven Toys Ciudad de Mexico 2,Maven Toys Monterrey 4,Maven Toys Xalapa 1}"
32,Supersoaker Water Gun,43,Maven Toys Durango 1,"{31,47,29}","{Maven Toys Ciudad de Mexico 2,Maven Toys Monterrey 4,Maven Toys Xalapa 1}"
32,Supersoaker Water Gun,42,Maven Toys Hermosillo 3,"{31,47,29}","{Maven Toys Ciudad de Mexico 2,Maven Toys Monterrey 4,Maven Toys Xalapa 1}"
32,Supersoaker Water Gun,41,Maven Toys Hermosillo 2,"{31,47,29}","{Maven Toys Ciudad de Mexico 2,Maven Toys Monterrey 4,Maven Toys Xalapa 1}"
32,Supersoaker Water Gun,40,Maven Toys Toluca 2,"{31,47,29}","{Maven Toys Ciudad de Mexico 2,Maven Toys Monterrey 4,Maven Toys Xalapa 1}"
32,Supersoaker Water Gun,39,Maven Toys Xalapa 2,"{31,47,29}","{Maven Toys Ciudad de Mexico 2,Maven Toys Monterrey 4,Maven Toys Xalapa 1}"
32,Supersoaker Water Gun,38,Maven Toys Chihuahua 2,"{31,47,29}","{Maven Toys Ciudad de Mexico 2,Maven Toys Monterrey 4,Maven Toys Xalapa 1}"
32,Supersoaker Water Gun,37,Maven Toys Ciudad de Mexico 3,"{31,47,29}","{Maven Toys Ciudad de Mexico 2,Maven Toys Monterrey 4,Maven Toys Xalapa 1}"
32,Supersoaker Water Gun,36,Maven Toys Morelia 1,"{31,47,29}","{Maven Toys Ciudad de Mexico 2,Maven Toys Monterrey 4,Maven Toys Xalapa 1}"
32,Supersoaker Water Gun,35,Maven Toys Chilpancingo 1,"{31,47,29}","{Maven Toys Ciudad de Mexico 2,Maven Toys Monterrey 4,Maven Toys Xalapa 1}"
32,Supersoaker Water Gun,34,Maven Toys Villahermosa 1,"{31,47,29}","{Maven Toys Ciudad de Mexico 2,Maven Toys Monterrey 4,Maven Toys Xalapa 1}"
32,Supersoaker Water Gun,33,Maven Toys Monterrey 3,"{31,47,29}","{Maven Toys Ciudad de Mexico 2,Maven Toys Monterrey 4,Maven Toys Xalapa 1}"
32,Supersoaker Water Gun,32,Maven Toys Hermosillo 1,"{31,47,29}","{Maven Toys Ciudad de Mexico 2,Maven Toys Monterrey 4,Maven Toys Xalapa 1}"
32,Supersoaker Water Gun,31,Maven Toys Ciudad de Mexico 2,"{31,47,29}","{Maven Toys Ciudad de Mexico 2,Maven Toys Monterrey 4,Maven Toys Xalapa 1}"
32,Supersoaker Water Gun,30,Maven Toys Guadalajara 3,"{31,47,29}","{Maven Toys Ciudad de Mexico 2,Maven Toys Monterrey 4,Maven Toys Xalapa 1}"
32,Supersoaker Water Gun,29,Maven Toys Xalapa 1,"{31,47,29}","{Maven Toys Ciudad de Mexico 2,Maven Toys Monterrey 4,Maven Toys Xalapa 1}"
32,Supersoaker Water Gun,28,Maven Toys Puebla 2,"{31,47,29}","{Maven Toys Ciudad de Mexico 2,Maven Toys Monterrey 4,Maven Toys Xalapa 1}"
32,Supersoaker Water Gun,27,Maven Toys Oaxaca 1,"{31,47,29}","{Maven Toys Ciudad de Mexico 2,Maven Toys Monterrey 4,Maven Toys Xalapa 1}"
32,Supersoaker Water Gun,25,Maven Toys Ciudad Victoria 1,"{31,47,29}","{Maven Toys Ciudad de Mexico 2,Maven Toys Monterrey 4,Maven Toys Xalapa 1}"
32,Supersoaker Water Gun,24,Maven Toys Aguascalientes 1,"{31,47,29}","{Maven Toys Ciudad de Mexico 2,Maven Toys Monterrey 4,Maven Toys Xalapa 1}"
32,Supersoaker Water Gun,23,Maven Toys Chihuahua 1,"{31,47,29}","{Maven Toys Ciudad de Mexico 2,Maven Toys Monterrey 4,Maven Toys Xalapa 1}"
32,Supersoaker Water Gun,21,Maven Toys Santiago 1,"{31,47,29}","{Maven Toys Ciudad de Mexico 2,Maven Toys Monterrey 4,Maven Toys Xalapa 1}"
32,Supersoaker Water Gun,20,Maven Toys Zacatecas 1,"{31,47,29}","{Maven Toys Ciudad de Mexico 2,Maven Toys Monterrey 4,Maven Toys Xalapa 1}"
32,Supersoaker Water Gun,19,Maven Toys Puebla 1,"{31,47,29}","{Maven Toys Ciudad de Mexico 2,Maven Toys Monterrey 4,Maven Toys Xalapa 1}"
32,Supersoaker Water Gun,18,Maven Toys Merida 1,"{31,47,29}","{Maven Toys Ciudad de Mexico 2,Maven Toys Monterrey 4,Maven Toys Xalapa 1}"
32,Supersoaker Water Gun,17,Maven Toys Toluca 1,"{31,47,29}","{Maven Toys Ciudad de Mexico 2,Maven Toys Monterrey 4,Maven Toys Xalapa 1}"
32,Supersoaker Water Gun,16,Maven Toys San Luis Potosi 1,"{31,47,29}","{Maven Toys Ciudad de Mexico 2,Maven Toys Monterrey 4,Maven Toys Xalapa 1}"
32,Supersoaker Water Gun,15,Maven Toys Tuxtla Gutierrez 1,"{31,47,29}","{Maven Toys Ciudad de Mexico 2,Maven Toys Monterrey 4,Maven Toys Xalapa 1}"
32,Supersoaker Water Gun,14,Maven Toys Guanajuato 1,"{31,47,29}","{Maven Toys Ciudad de Mexico 2,Maven Toys Monterrey 4,Maven Toys Xalapa 1}"
32,Supersoaker Water Gun,13,Maven Toys Mexicali 2,"{31,47,29}","{Maven Toys Ciudad de Mexico 2,Maven Toys Monterrey 4,Maven Toys Xalapa 1}"
32,Supersoaker Water Gun,12,Maven Toys Chetumal 1,"{31,47,29}","{Maven Toys Ciudad de Mexico 2,Maven Toys Monterrey 4,Maven Toys Xalapa 1}"
32,Supersoaker Water Gun,11,Maven Toys Cuernavaca 1,"{31,47,29}","{Maven Toys Ciudad de Mexico 2,Maven Toys Monterrey 4,Maven Toys Xalapa 1}"
32,Supersoaker Water Gun,10,Maven Toys Campeche 1,"{31,47,29}","{Maven Toys Ciudad de Mexico 2,Maven Toys Monterrey 4,Maven Toys Xalapa 1}"
32,Supersoaker Water Gun,9,Maven Toys Ciudad de Mexico 1,"{31,47,29}","{Maven Toys Ciudad de Mexico 2,Maven Toys Monterrey 4,Maven Toys Xalapa 1}"
32,Supersoaker Water Gun,8,Maven Toys Pachuca 1,"{31,47,29}","{Maven Toys Ciudad de Mexico 2,Maven Toys Monterrey 4,Maven Toys Xalapa 1}"
32,Supersoaker Water Gun,7,Maven Toys Monterrey 2,"{31,47,29}","{Maven Toys Ciudad de Mexico 2,Maven Toys Monterrey 4,Maven Toys Xalapa 1}"
32,Supersoaker Water Gun,6,Maven Toys Mexicali 1,"{31,47,29}","{Maven Toys Ciudad de Mexico 2,Maven Toys Monterrey 4,Maven Toys Xalapa 1}"
32,Supersoaker Water Gun,5,Maven Toys La Paz 1,"{31,47,29}","{Maven Toys Ciudad de Mexico 2,Maven Toys Monterrey 4,Maven Toys Xalapa 1}"
32,Supersoaker Water Gun,4,Maven Toys Saltillo 1,"{31,47,29}","{Maven Toys Ciudad de Mexico 2,Maven Toys Monterrey 4,Maven Toys Xalapa 1}"
32,Supersoaker Water Gun,3,Maven Toys Guadalajara 2,"{31,47,29}","{Maven Toys Ciudad de Mexico 2,Maven Toys Monterrey 4,Maven Toys Xalapa 1}"
32,Supersoaker Water Gun,2,Maven Toys Monterrey 1,"{31,47,29}","{Maven Toys Ciudad de Mexico 2,Maven Toys Monterrey 4,Maven Toys Xalapa 1}"
32,Supersoaker Water Gun,1,Maven Toys Guadalajara 1,"{31,47,29}","{Maven Toys Ciudad de Mexico 2,Maven Toys Monterrey 4,Maven Toys Xalapa 1}"
33,Teddy Bear,50,Maven Toys Guanajuato 3,"{23,41,17}","{Maven Toys Chihuahua 1,Maven Toys Hermosillo 2,Maven Toys Toluca 1}"
33,Teddy Bear,49,Maven Toys Culiacan 1,"{23,41,17}","{Maven Toys Chihuahua 1,Maven Toys Hermosillo 2,Maven Toys Toluca 1}"
33,Teddy Bear,48,Maven Toys Saltillo 2,"{23,41,17}","{Maven Toys Chihuahua 1,Maven Toys Hermosillo 2,Maven Toys Toluca 1}"
33,Teddy Bear,47,Maven Toys Monterrey 4,"{23,41,17}","{Maven Toys Chihuahua 1,Maven Toys Hermosillo 2,Maven Toys Toluca 1}"
33,Teddy Bear,46,Maven Toys Guadalajara 4,"{23,41,17}","{Maven Toys Chihuahua 1,Maven Toys Hermosillo 2,Maven Toys Toluca 1}"
33,Teddy Bear,45,Maven Toys Ciudad de Mexico 4,"{23,41,17}","{Maven Toys Chihuahua 1,Maven Toys Hermosillo 2,Maven Toys Toluca 1}"
33,Teddy Bear,44,Maven Toys Puebla 3,"{23,41,17}","{Maven Toys Chihuahua 1,Maven Toys Hermosillo 2,Maven Toys Toluca 1}"
33,Teddy Bear,43,Maven Toys Durango 1,"{23,41,17}","{Maven Toys Chihuahua 1,Maven Toys Hermosillo 2,Maven Toys Toluca 1}"
33,Teddy Bear,42,Maven Toys Hermosillo 3,"{23,41,17}","{Maven Toys Chihuahua 1,Maven Toys Hermosillo 2,Maven Toys Toluca 1}"
33,Teddy Bear,40,Maven Toys Toluca 2,"{23,41,17}","{Maven Toys Chihuahua 1,Maven Toys Hermosillo 2,Maven Toys Toluca 1}"
33,Teddy Bear,39,Maven Toys Xalapa 2,"{23,41,17}","{Maven Toys Chihuahua 1,Maven Toys Hermosillo 2,Maven Toys Toluca 1}"
33,Teddy Bear,38,Maven Toys Chihuahua 2,"{23,41,17}","{Maven Toys Chihuahua 1,Maven Toys Hermosillo 2,Maven Toys Toluca 1}"
33,Teddy Bear,37,Maven Toys Ciudad de Mexico 3,"{23,41,17}","{Maven Toys Chihuahua 1,Maven Toys Hermosillo 2,Maven Toys Toluca 1}"
33,Teddy Bear,36,Maven Toys Morelia 1,"{23,41,17}","{Maven Toys Chihuahua 1,Maven Toys Hermosillo 2,Maven Toys Toluca 1}"
33,Teddy Bear,35,Maven Toys Chilpancingo 1,"{23,41,17}","{Maven Toys Chihuahua 1,Maven Toys Hermosillo 2,Maven Toys Toluca 1}"
33,Teddy Bear,34,Maven Toys Villahermosa 1,"{23,41,17}","{Maven Toys Chihuahua 1,Maven Toys Hermosillo 2,Maven Toys Toluca 1}"
33,Teddy Bear,33,Maven Toys Monterrey 3,"{23,41,17}","{Maven Toys Chihuahua 1,Maven Toys Hermosillo 2,Maven Toys Toluca 1}"
33,Teddy Bear,32,Maven Toys Hermosillo 1,"{23,41,17}","{Maven Toys Chihuahua 1,Maven Toys Hermosillo 2,Maven Toys Toluca 1}"
33,Teddy Bear,31,Maven Toys Ciudad de Mexico 2,"{23,41,17}","{Maven Toys Chihuahua 1,Maven Toys Hermosillo 2,Maven Toys Toluca 1}"
33,Teddy Bear,30,Maven Toys Guadalajara 3,"{23,41,17}","{Maven Toys Chihuahua 1,Maven Toys Hermosillo 2,Maven Toys Toluca 1}"
33,Teddy Bear,28,Maven Toys Puebla 2,"{23,41,17}","{Maven Toys Chihuahua 1,Maven Toys Hermosillo 2,Maven Toys Toluca 1}"
33,Teddy Bear,27,Maven Toys Oaxaca 1,"{23,41,17}","{Maven Toys Chihuahua 1,Maven Toys Hermosillo 2,Maven Toys Toluca 1}"
33,Teddy Bear,26,Maven Toys Campeche 2,"{23,41,17}","{Maven Toys Chihuahua 1,Maven Toys Hermosillo 2,Maven Toys Toluca 1}"
33,Teddy Bear,25,Maven Toys Ciudad Victoria 1,"{23,41,17}","{Maven Toys Chihuahua 1,Maven Toys Hermosillo 2,Maven Toys Toluca 1}"
33,Teddy Bear,22,Maven Toys Guanajuato 2,"{23,41,17}","{Maven Toys Chihuahua 1,Maven Toys Hermosillo 2,Maven Toys Toluca 1}"
33,Teddy Bear,21,Maven Toys Santiago 1,"{23,41,17}","{Maven Toys Chihuahua 1,Maven Toys Hermosillo 2,Maven Toys Toluca 1}"
33,Teddy Bear,20,Maven Toys Zacatecas 1,"{23,41,17}","{Maven Toys Chihuahua 1,Maven Toys Hermosillo 2,Maven Toys Toluca 1}"
33,Teddy Bear,19,Maven Toys Puebla 1,"{23,41,17}","{Maven Toys Chihuahua 1,Maven Toys Hermosillo 2,Maven Toys Toluca 1}"
33,Teddy Bear,18,Maven Toys Merida 1,"{23,41,17}","{Maven Toys Chihuahua 1,Maven Toys Hermosillo 2,Maven Toys Toluca 1}"
33,Teddy Bear,17,Maven Toys Toluca 1,"{23,41,17}","{Maven Toys Chihuahua 1,Maven Toys Hermosillo 2,Maven Toys Toluca 1}"
33,Teddy Bear,16,Maven Toys San Luis Potosi 1,"{23,41,17}","{Maven Toys Chihuahua 1,Maven Toys Hermosillo 2,Maven Toys Toluca 1}"
33,Teddy Bear,15,Maven Toys Tuxtla Gutierrez 1,"{23,41,17}","{Maven Toys Chihuahua 1,Maven Toys Hermosillo 2,Maven Toys Toluca 1}"
33,Teddy Bear,14,Maven Toys Guanajuato 1,"{23,41,17}","{Maven Toys Chihuahua 1,Maven Toys Hermosillo 2,Maven Toys Toluca 1}"
33,Teddy Bear,13,Maven Toys Mexicali 2,"{23,41,17}","{Maven Toys Chihuahua 1,Maven Toys Hermosillo 2,Maven Toys Toluca 1}"
33,Teddy Bear,12,Maven Toys Chetumal 1,"{23,41,17}","{Maven Toys Chihuahua 1,Maven Toys Hermosillo 2,Maven Toys Toluca 1}"
33,Teddy Bear,11,Maven Toys Cuernavaca 1,"{23,41,17}","{Maven Toys Chihuahua 1,Maven Toys Hermosillo 2,Maven Toys Toluca 1}"
33,Teddy Bear,10,Maven Toys Campeche 1,"{23,41,17}","{Maven Toys Chihuahua 1,Maven Toys Hermosillo 2,Maven Toys Toluca 1}"
33,Teddy Bear,9,Maven Toys Ciudad de Mexico 1,"{23,41,17}","{Maven Toys Chihuahua 1,Maven Toys Hermosillo 2,Maven Toys Toluca 1}"
33,Teddy Bear,7,Maven Toys Monterrey 2,"{23,41,17}","{Maven Toys Chihuahua 1,Maven Toys Hermosillo 2,Maven Toys Toluca 1}"
33,Teddy Bear,6,Maven Toys Mexicali 1,"{23,41,17}","{Maven Toys Chihuahua 1,Maven Toys Hermosillo 2,Maven Toys Toluca 1}"
33,Teddy Bear,5,Maven Toys La Paz 1,"{23,41,17}","{Maven Toys Chihuahua 1,Maven Toys Hermosillo 2,Maven Toys Toluca 1}"
33,Teddy Bear,4,Maven Toys Saltillo 1,"{23,41,17}","{Maven Toys Chihuahua 1,Maven Toys Hermosillo 2,Maven Toys Toluca 1}"
33,Teddy Bear,3,Maven Toys Guadalajara 2,"{23,41,17}","{Maven Toys Chihuahua 1,Maven Toys Hermosillo 2,Maven Toys Toluca 1}"
33,Teddy Bear,2,Maven Toys Monterrey 1,"{23,41,17}","{Maven Toys Chihuahua 1,Maven Toys Hermosillo 2,Maven Toys Toluca 1}"
34,Toy Robot,50,Maven Toys Guanajuato 3,"{30,39,45}","{Maven Toys Guadalajara 3,Maven Toys Xalapa 2,Maven Toys Ciudad de Mexico 4}"
34,Toy Robot,49,Maven Toys Culiacan 1,"{30,39,45}","{Maven Toys Guadalajara 3,Maven Toys Xalapa 2,Maven Toys Ciudad de Mexico 4}"
34,Toy Robot,48,Maven Toys Saltillo 2,"{30,39,45}","{Maven Toys Guadalajara 3,Maven Toys Xalapa 2,Maven Toys Ciudad de Mexico 4}"
34,Toy Robot,46,Maven Toys Guadalajara 4,"{30,39,45}","{Maven Toys Guadalajara 3,Maven Toys Xalapa 2,Maven Toys Ciudad de Mexico 4}"
34,Toy Robot,44,Maven Toys Puebla 3,"{30,39,45}","{Maven Toys Guadalajara 3,Maven Toys Xalapa 2,Maven Toys Ciudad de Mexico 4}"
34,Toy Robot,43,Maven Toys Durango 1,"{30,39,45}","{Maven Toys Guadalajara 3,Maven Toys Xalapa 2,Maven Toys Ciudad de Mexico 4}"
34,Toy Robot,42,Maven Toys Hermosillo 3,"{30,39,45}","{Maven Toys Guadalajara 3,Maven Toys Xalapa 2,Maven Toys Ciudad de Mexico 4}"
34,Toy Robot,41,Maven Toys Hermosillo 2,"{30,39,45}","{Maven Toys Guadalajara 3,Maven Toys Xalapa 2,Maven Toys Ciudad de Mexico 4}"
34,Toy Robot,40,Maven Toys Toluca 2,"{30,39,45}","{Maven Toys Guadalajara 3,Maven Toys Xalapa 2,Maven Toys Ciudad de Mexico 4}"
34,Toy Robot,39,Maven Toys Xalapa 2,"{30,39,45}","{Maven Toys Guadalajara 3,Maven Toys Xalapa 2,Maven Toys Ciudad de Mexico 4}"
34,Toy Robot,38,Maven Toys Chihuahua 2,"{30,39,45}","{Maven Toys Guadalajara 3,Maven Toys Xalapa 2,Maven Toys Ciudad de Mexico 4}"
34,Toy Robot,37,Maven Toys Ciudad de Mexico 3,"{30,39,45}","{Maven Toys Guadalajara 3,Maven Toys Xalapa 2,Maven Toys Ciudad de Mexico 4}"
34,Toy Robot,36,Maven Toys Morelia 1,"{30,39,45}","{Maven Toys Guadalajara 3,Maven Toys Xalapa 2,Maven Toys Ciudad de Mexico 4}"
34,Toy Robot,35,Maven Toys Chilpancingo 1,"{30,39,45}","{Maven Toys Guadalajara 3,Maven Toys Xalapa 2,Maven Toys Ciudad de Mexico 4}"
34,Toy Robot,34,Maven Toys Villahermosa 1,"{30,39,45}","{Maven Toys Guadalajara 3,Maven Toys Xalapa 2,Maven Toys Ciudad de Mexico 4}"
34,Toy Robot,33,Maven Toys Monterrey 3,"{30,39,45}","{Maven Toys Guadalajara 3,Maven Toys Xalapa 2,Maven Toys Ciudad de Mexico 4}"
34,Toy Robot,32,Maven Toys Hermosillo 1,"{30,39,45}","{Maven Toys Guadalajara 3,Maven Toys Xalapa 2,Maven Toys Ciudad de Mexico 4}"
34,Toy Robot,31,Maven Toys Ciudad de Mexico 2,"{30,39,45}","{Maven Toys Guadalajara 3,Maven Toys Xalapa 2,Maven Toys Ciudad de Mexico 4}"
34,Toy Robot,30,Maven Toys Guadalajara 3,"{30,39,45}","{Maven Toys Guadalajara 3,Maven Toys Xalapa 2,Maven Toys Ciudad de Mexico 4}"
34,Toy Robot,29,Maven Toys Xalapa 1,"{30,39,45}","{Maven Toys Guadalajara 3,Maven Toys Xalapa 2,Maven Toys Ciudad de Mexico 4}"
34,Toy Robot,26,Maven Toys Campeche 2,"{30,39,45}","{Maven Toys Guadalajara 3,Maven Toys Xalapa 2,Maven Toys Ciudad de Mexico 4}"
34,Toy Robot,25,Maven Toys Ciudad Victoria 1,"{30,39,45}","{Maven Toys Guadalajara 3,Maven Toys Xalapa 2,Maven Toys Ciudad de Mexico 4}"
34,Toy Robot,23,Maven Toys Chihuahua 1,"{30,39,45}","{Maven Toys Guadalajara 3,Maven Toys Xalapa 2,Maven Toys Ciudad de Mexico 4}"
34,Toy Robot,22,Maven Toys Guanajuato 2,"{30,39,45}","{Maven Toys Guadalajara 3,Maven Toys Xalapa 2,Maven Toys Ciudad de Mexico 4}"
34,Toy Robot,20,Maven Toys Zacatecas 1,"{30,39,45}","{Maven Toys Guadalajara 3,Maven Toys Xalapa 2,Maven Toys Ciudad de Mexico 4}"
34,Toy Robot,17,Maven Toys Toluca 1,"{30,39,45}","{Maven Toys Guadalajara 3,Maven Toys Xalapa 2,Maven Toys Ciudad de Mexico 4}"
34,Toy Robot,15,Maven Toys Tuxtla Gutierrez 1,"{30,39,45}","{Maven Toys Guadalajara 3,Maven Toys Xalapa 2,Maven Toys Ciudad de Mexico 4}"
34,Toy Robot,14,Maven Toys Guanajuato 1,"{30,39,45}","{Maven Toys Guadalajara 3,Maven Toys Xalapa 2,Maven Toys Ciudad de Mexico 4}"
34,Toy Robot,12,Maven Toys Chetumal 1,"{30,39,45}","{Maven Toys Guadalajara 3,Maven Toys Xalapa 2,Maven Toys Ciudad de Mexico 4}"
34,Toy Robot,8,Maven Toys Pachuca 1,"{30,39,45}","{Maven Toys Guadalajara 3,Maven Toys Xalapa 2,Maven Toys Ciudad de Mexico 4}"
34,Toy Robot,7,Maven Toys Monterrey 2,"{30,39,45}","{Maven Toys Guadalajara 3,Maven Toys Xalapa 2,Maven Toys Ciudad de Mexico 4}"
34,Toy Robot,6,Maven Toys Mexicali 1,"{30,39,45}","{Maven Toys Guadalajara 3,Maven Toys Xalapa 2,Maven Toys Ciudad de Mexico 4}"
34,Toy Robot,5,Maven Toys La Paz 1,"{30,39,45}","{Maven Toys Guadalajara 3,Maven Toys Xalapa 2,Maven Toys Ciudad de Mexico 4}"
34,Toy Robot,4,Maven Toys Saltillo 1,"{30,39,45}","{Maven Toys Guadalajara 3,Maven Toys Xalapa 2,Maven Toys Ciudad de Mexico 4}"
34,Toy Robot,3,Maven Toys Guadalajara 2,"{30,39,45}","{Maven Toys Guadalajara 3,Maven Toys Xalapa 2,Maven Toys Ciudad de Mexico 4}"
34,Toy Robot,2,Maven Toys Monterrey 1,"{30,39,45}","{Maven Toys Guadalajara 3,Maven Toys Xalapa 2,Maven Toys Ciudad de Mexico 4}"
35,Uno Card Game,50,Maven Toys Guanajuato 3,"{41,37,6}","{Maven Toys Hermosillo 2,Maven Toys Ciudad de Mexico 3,Maven Toys Mexicali 1}"
35,Uno Card Game,49,Maven Toys Culiacan 1,"{41,37,6}","{Maven Toys Hermosillo 2,Maven Toys Ciudad de Mexico 3,Maven Toys Mexicali 1}"
35,Uno Card Game,48,Maven Toys Saltillo 2,"{41,37,6}","{Maven Toys Hermosillo 2,Maven Toys Ciudad de Mexico 3,Maven Toys Mexicali 1}"
35,Uno Card Game,42,Maven Toys Hermosillo 3,"{41,37,6}","{Maven Toys Hermosillo 2,Maven Toys Ciudad de Mexico 3,Maven Toys Mexicali 1}"
35,Uno Card Game,40,Maven Toys Toluca 2,"{41,37,6}","{Maven Toys Hermosillo 2,Maven Toys Ciudad de Mexico 3,Maven Toys Mexicali 1}"
35,Uno Card Game,38,Maven Toys Chihuahua 2,"{41,37,6}","{Maven Toys Hermosillo 2,Maven Toys Ciudad de Mexico 3,Maven Toys Mexicali 1}"
35,Uno Card Game,37,Maven Toys Ciudad de Mexico 3,"{41,37,6}","{Maven Toys Hermosillo 2,Maven Toys Ciudad de Mexico 3,Maven Toys Mexicali 1}"
35,Uno Card Game,36,Maven Toys Morelia 1,"{41,37,6}","{Maven Toys Hermosillo 2,Maven Toys Ciudad de Mexico 3,Maven Toys Mexicali 1}"
35,Uno Card Game,34,Maven Toys Villahermosa 1,"{41,37,6}","{Maven Toys Hermosillo 2,Maven Toys Ciudad de Mexico 3,Maven Toys Mexicali 1}"
35,Uno Card Game,33,Maven Toys Monterrey 3,"{41,37,6}","{Maven Toys Hermosillo 2,Maven Toys Ciudad de Mexico 3,Maven Toys Mexicali 1}"
35,Uno Card Game,26,Maven Toys Campeche 2,"{41,37,6}","{Maven Toys Hermosillo 2,Maven Toys Ciudad de Mexico 3,Maven Toys Mexicali 1}"
35,Uno Card Game,24,Maven Toys Aguascalientes 1,"{41,37,6}","{Maven Toys Hermosillo 2,Maven Toys Ciudad de Mexico 3,Maven Toys Mexicali 1}"
35,Uno Card Game,23,Maven Toys Chihuahua 1,"{41,37,6}","{Maven Toys Hermosillo 2,Maven Toys Ciudad de Mexico 3,Maven Toys Mexicali 1}"
35,Uno Card Game,22,Maven Toys Guanajuato 2,"{41,37,6}","{Maven Toys Hermosillo 2,Maven Toys Ciudad de Mexico 3,Maven Toys Mexicali 1}"
35,Uno Card Game,19,Maven Toys Puebla 1,"{41,37,6}","{Maven Toys Hermosillo 2,Maven Toys Ciudad de Mexico 3,Maven Toys Mexicali 1}"
35,Uno Card Game,18,Maven Toys Merida 1,"{41,37,6}","{Maven Toys Hermosillo 2,Maven Toys Ciudad de Mexico 3,Maven Toys Mexicali 1}"
35,Uno Card Game,16,Maven Toys San Luis Potosi 1,"{41,37,6}","{Maven Toys Hermosillo 2,Maven Toys Ciudad de Mexico 3,Maven Toys Mexicali 1}"
35,Uno Card Game,12,Maven Toys Chetumal 1,"{41,37,6}","{Maven Toys Hermosillo 2,Maven Toys Ciudad de Mexico 3,Maven Toys Mexicali 1}"
35,Uno Card Game,10,Maven Toys Campeche 1,"{41,37,6}","{Maven Toys Hermosillo 2,Maven Toys Ciudad de Mexico 3,Maven Toys Mexicali 1}"
35,Uno Card Game,9,Maven Toys Ciudad de Mexico 1,"{41,37,6}","{Maven Toys Hermosillo 2,Maven Toys Ciudad de Mexico 3,Maven Toys Mexicali 1}"
35,Uno Card Game,8,Maven Toys Pachuca 1,"{41,37,6}","{Maven Toys Hermosillo 2,Maven Toys Ciudad de Mexico 3,Maven Toys Mexicali 1}"
35,Uno Card Game,7,Maven Toys Monterrey 2,"{41,37,6}","{Maven Toys Hermosillo 2,Maven Toys Ciudad de Mexico 3,Maven Toys Mexicali 1}"
35,Uno Card Game,4,Maven Toys Saltillo 1,"{41,37,6}","{Maven Toys Hermosillo 2,Maven Toys Ciudad de Mexico 3,Maven Toys Mexicali 1}"
35,Uno Card Game,1,Maven Toys Guadalajara 1,"{41,37,6}","{Maven Toys Hermosillo 2,Maven Toys Ciudad de Mexico 3,Maven Toys Mexicali 1}"
